<?xml version="1.0" encoding="UTF-8"?>
<ivy-module version="2.0">
	<info organisation="projectlombok.org" module="spi" revision="0.2.7" status="integration" publication="20130910135600">
		<license name="Apache License v2.0" url="http://www.apache.org/licenses/LICENSE-2.0"/>
		<description homepage="http://code.google.com/p/spi/"/>
	</info>
	<configurations>
		<conf name="build"/>
	</configurations>
	<publications>
		<artifact conf="build" url="https://projectlombok.org/ivyrepo/tools/spi-0.2.7.jar"/>
	</publications>
</ivy-module>
