<?xml version="1.0" encoding="UTF-8"?>
<ivy-module version="2.0">
	<info organisation="org.projectlombok" module="lombok.patcher" revision="0.34" status="integration" publication="20190925010000">
		<license name="MIT License" url="https://www.opensource.org/licenses/mit-license.php"/>
		<ivyauthor name="rzwitserloot" url="https://github.com/rzwitserloot"/>
		<ivyauthor name="rspilker" url="https://github.com/rspilker"/>
		<description homepage="https://projectlombok.org/"/>
	</info>
	<configurations>
		<conf name="default"/>
	</configurations>
	<publications>
		<artifact conf="default" url="https://projectlombok.org/downloads/lombok.patcher-0.34.jar"/>
	</publications>
</ivy-module>
