<?xml version="1.0" encoding="UTF-8"?>
<ivy-module version="2.0">
	<info organisation="org.eclipse.custom" module="core.resources" revision="3.8.100" status="integration" publication="20130521202600">
		<license name="Eclipse Public Licence v1.0" url="http://www.eclipse.org/org/documents/epl-v10.php"/>
		<description homepage="http://www.eclipse.org/eclipse/"/>
	</info>
	<configurations>
		<conf name="default"/>
		<conf name="sources"/>
	</configurations>
	<publications>
		<artifact conf="default" url="https://projectlombok.org/ivyrepo/eclipse/org.eclipse.core.resources_3.8.100.v20130521-2026.jar"/>
		<artifact type="zip" conf="sources" url="https://projectlombok.org/ivyrepo/eclipse/org.eclipse.core.resources_3.8.100.v20130521-2026-sources.jar"/>
	</publications>
</ivy-module>
