<?xml version="1.0" encoding="UTF-8"?>
<ivy-module version="2.0">
	<info organisation="org.eclipse.custom" module="core.jobs" revision="3.5.300" status="integration" publication="20130429181300">
		<license name="Eclipse Public Licence v1.0" url="http://www.eclipse.org/org/documents/epl-v10.php"/>
		<description homepage="http://www.eclipse.org/eclipse/"/>
	</info>
	<configurations>
		<conf name="default"/>
		<conf name="sources"/>
	</configurations>
	<publications>
		<artifact conf="default" url="https://projectlombok.org/ivyrepo/eclipse/org.eclipse.core.jobs_3.5.300.v20130429-1813.jar"/>
		<artifact type="zip" conf="sources" url="https://projectlombok.org/ivyrepo/eclipse/org.eclipse.core.jobs_3.5.300.v20130429-1813-sources.jar"/>
	</publications>
</ivy-module>
