<?xml version="1.0" encoding="UTF-8"?>
<?xml-stylesheet type="text/xsl" href="ivy-report.xsl"?>
<ivy-report version="1.0">
	<info
		organisation="projectlombok.org"
		module="lombok"
		revision="working@DESKTOP-E5VKVJF"

		conf="moduleBuild"
		confs="build, javac7, moduleBuild"
		date="20191226005048"/>
	<dependencies>
		<module organisation="org.mapstruct" name="mapstruct-processor">
			<revision name="1.3.0.Beta1" status="release" pubdate="20180716015657" resolver="maven-repo2" artresolver="maven-repo2" homepage="" downloaded="false" searched="false" default="false" conf="default, compile, runtime, master" position="0">
				<metadata-artifact status="no" details="" size="28249" time="0" location="H:\allSpace\repository\spongeboblz\lombok\ivyCache\org.mapstruct\mapstruct-processor\ivy-1.3.0.Beta1.xml" searched="false" original-local-location="H:\allSpace\repository\spongeboblz\lombok\ivyCache\org.mapstruct\mapstruct-processor\ivy-1.3.0.Beta1.xml.original" origin-is-local="false" origin-location="https://repo1.maven.org/maven2/org/mapstruct/mapstruct-processor/1.3.0.Beta1/mapstruct-processor-1.3.0.Beta1.pom"/>
				<caller organisation="projectlombok.org" name="lombok" conf="moduleBuild" rev="1.3.0.Beta1" rev-constraint-default="1.3.0.Beta1" rev-constraint-dynamic="1.3.0.Beta1" callerrev="working@DESKTOP-E5VKVJF"/>
				<artifacts>
					<artifact name="mapstruct-processor" type="jar" ext="jar" status="no" details="" size="1673023" time="0" location="H:\allSpace\repository\spongeboblz\lombok\ivyCache\org.mapstruct\mapstruct-processor\jars\mapstruct-processor-1.3.0.Beta1.jar">
						<origin-location is-local="false" location="https://repo1.maven.org/maven2/org/mapstruct/mapstruct-processor/1.3.0.Beta1/mapstruct-processor-1.3.0.Beta1.jar"/>
					</artifact>
				</artifacts>
			</revision>
		</module>
	</dependencies>
</ivy-report>
