<?xml version="1.0" encoding="UTF-8"?>
<?xml-stylesheet type="text/xsl" href="ivy-report.xsl"?>
<ivy-report version="1.0">
	<info
		organisation="projectlombok.org"
		module="lombok"
		revision="working@DESKTOP-E5VKVJF"

		conf="runtime"
		confs="runtime"
		date="20191226005107"/>
	<dependencies>
		<module organisation="zwitserloot.com" name="cmdreader">
			<revision name="1.2" status="integration" pubdate="20100210120000" resolver="projectLocalRepo" artresolver="projectLocalRepo" homepage="http://github.com/rzwitserloot/com.zwitserloot.cmdreader" downloaded="false" searched="false" default="false" conf="runtime" position="1">
				<license name="MIT License" url="http://www.opensource.org/licenses/mit-license.php"/>
				<metadata-artifact status="no" details="" size="806" time="0" location="H:\allSpace\repository\spongeboblz\lombok\ivyCache\zwitserloot.com\cmdreader\ivy-1.2.xml" searched="false" original-local-location="H:\allSpace\repository\spongeboblz\lombok\buildScripts\ivy-repo\zwitserloot.com-cmdreader-1.2.xml" origin-is-local="true" origin-location="H:\allSpace\repository\spongeboblz\lombok\buildScripts\ivy-repo\zwitserloot.com-cmdreader-1.2.xml"/>
				<caller organisation="projectlombok.org" name="lombok" conf="runtime" rev="1.2" rev-constraint-default="1.2" rev-constraint-dynamic="1.2" callerrev="working@DESKTOP-E5VKVJF"/>
				<artifacts>
					<artifact name="cmdreader" type="jar" ext="jar" extra-0.url="https://projectlombok.org/ivyrepo/tools/com.zwitserloot.cmdreader-1.2.jar" status="no" details="" size="19082" time="0" location="H:\allSpace\repository\spongeboblz\lombok\ivyCache\zwitserloot.com\cmdreader\jars\cmdreader-1.2.jar">
						<origin-location is-local="false" location="https://projectlombok.org/ivyrepo/tools/com.zwitserloot.cmdreader-1.2.jar"/>
					</artifact>
				</artifacts>
			</revision>
		</module>
		<module organisation="org.projectlombok" name="lombok.patcher">
			<revision name="0.34" status="integration" pubdate="20190925010000" resolver="projectLocalRepo" artresolver="projectLocalRepo" homepage="https://projectlombok.org/" downloaded="false" searched="false" default="false" conf="default" position="0">
				<license name="MIT License" url="https://www.opensource.org/licenses/mit-license.php"/>
				<metadata-artifact status="no" details="" size="695" time="0" location="H:\allSpace\repository\spongeboblz\lombok\ivyCache\org.projectlombok\lombok.patcher\ivy-0.34.xml" searched="false" original-local-location="H:\allSpace\repository\spongeboblz\lombok\buildScripts\ivy-repo\org.projectlombok-lombok.patcher-0.34.xml" origin-is-local="true" origin-location="H:\allSpace\repository\spongeboblz\lombok\buildScripts\ivy-repo\org.projectlombok-lombok.patcher-0.34.xml"/>
				<caller organisation="projectlombok.org" name="lombok" conf="runtime" rev="0.34" rev-constraint-default="0.34" rev-constraint-dynamic="0.34" callerrev="working@DESKTOP-E5VKVJF"/>
				<artifacts>
					<artifact name="lombok.patcher" type="jar" ext="jar" extra-0.url="https://projectlombok.org/downloads/lombok.patcher-0.34.jar" status="no" details="" size="342477" time="0" location="H:\allSpace\repository\spongeboblz\lombok\ivyCache\org.projectlombok\lombok.patcher\jars\lombok.patcher-0.34.jar">
						<origin-location is-local="false" location="https://projectlombok.org/downloads/lombok.patcher-0.34.jar"/>
					</artifact>
				</artifacts>
			</revision>
		</module>
	</dependencies>
</ivy-report>
