<?xml version="1.0" encoding="UTF-8"?>
<?xml-stylesheet type="text/xsl" href="ivy-report.xsl"?>
<ivy-report version="1.0">
	<info
		organisation="projectlombok.org"
		module="lombok"
		revision="working@DESKTOP-E5VKVJF"

		conf="build"
		confs="build, javac7, moduleBuild"
		date="20191226005048"/>
	<dependencies>
		<module organisation="org.eclipse.custom" name="core.jobs">
			<revision name="3.5.300" status="integration" pubdate="20130429181300" resolver="projectLocalRepo" artresolver="projectLocalRepo" homepage="http://www.eclipse.org/eclipse/" downloaded="false" searched="false" default="false" conf="default" position="41">
				<license name="Eclipse Public Licence v1.0" url="http://www.eclipse.org/org/documents/epl-v10.php"/>
				<metadata-artifact status="no" details="" size="775" time="0" location="H:\allSpace\repository\spongeboblz\lombok\ivyCache\org.eclipse.custom\core.jobs\ivy-3.5.300.xml" searched="false" original-local-location="H:\allSpace\repository\spongeboblz\lombok\buildScripts\ivy-repo\org.eclipse.custom-core.jobs-3.5.300.xml" origin-is-local="true" origin-location="H:\allSpace\repository\spongeboblz\lombok\buildScripts\ivy-repo\org.eclipse.custom-core.jobs-3.5.300.xml"/>
				<caller organisation="projectlombok.org" name="lombok" conf="eclipseBuild, build, buildBase, javac6, netbeansBuild" rev="3.5.300" rev-constraint-default="3.5.300" rev-constraint-dynamic="3.5.300" callerrev="working@DESKTOP-E5VKVJF"/>
				<artifacts>
					<artifact name="core.jobs" type="jar" ext="jar" extra-0.url="https://projectlombok.org/ivyrepo/eclipse/org.eclipse.core.jobs_3.5.300.v20130429-1813.jar" status="no" details="" size="92479" time="0" location="H:\allSpace\repository\spongeboblz\lombok\ivyCache\org.eclipse.custom\core.jobs\jars\core.jobs-3.5.300.jar">
						<origin-location is-local="false" location="https://projectlombok.org/ivyrepo/eclipse/org.eclipse.core.jobs_3.5.300.v20130429-1813.jar"/>
					</artifact>
				</artifacts>
			</revision>
		</module>
		<module organisation="org.eclipse.custom" name="core.resources">
			<revision name="3.8.100" status="integration" pubdate="20130521202600" resolver="projectLocalRepo" artresolver="projectLocalRepo" homepage="http://www.eclipse.org/eclipse/" downloaded="false" searched="false" default="false" conf="default" position="40">
				<license name="Eclipse Public Licence v1.0" url="http://www.eclipse.org/org/documents/epl-v10.php"/>
				<metadata-artifact status="no" details="" size="790" time="0" location="H:\allSpace\repository\spongeboblz\lombok\ivyCache\org.eclipse.custom\core.resources\ivy-3.8.100.xml" searched="false" original-local-location="H:\allSpace\repository\spongeboblz\lombok\buildScripts\ivy-repo\org.eclipse.custom-core.resources-3.8.100.xml" origin-is-local="true" origin-location="H:\allSpace\repository\spongeboblz\lombok\buildScripts\ivy-repo\org.eclipse.custom-core.resources-3.8.100.xml"/>
				<caller organisation="projectlombok.org" name="lombok" conf="eclipseBuild, build, buildBase, javac6, netbeansBuild" rev="3.8.100" rev-constraint-default="3.8.100" rev-constraint-dynamic="3.8.100" callerrev="working@DESKTOP-E5VKVJF"/>
				<artifacts>
					<artifact name="core.resources" type="jar" ext="jar" extra-0.url="https://projectlombok.org/ivyrepo/eclipse/org.eclipse.core.resources_3.8.100.v20130521-2026.jar" status="no" details="" size="829710" time="0" location="H:\allSpace\repository\spongeboblz\lombok\ivyCache\org.eclipse.custom\core.resources\jars\core.resources-3.8.100.jar">
						<origin-location is-local="false" location="https://projectlombok.org/ivyrepo/eclipse/org.eclipse.core.resources_3.8.100.v20130521-2026.jar"/>
					</artifact>
				</artifacts>
			</revision>
		</module>
		<module organisation="org.eclipse.custom" name="osgi">
			<revision name="3.9.0" status="integration" pubdate="20130529171000" resolver="projectLocalRepo" artresolver="projectLocalRepo" homepage="http://www.eclipse.org/eclipse/" downloaded="false" searched="false" default="false" conf="default" position="39">
				<license name="Eclipse Public Licence v1.0" url="http://www.eclipse.org/org/documents/epl-v10.php"/>
				<metadata-artifact status="no" details="" size="754" time="0" location="H:\allSpace\repository\spongeboblz\lombok\ivyCache\org.eclipse.custom\osgi\ivy-3.9.0.xml" searched="false" original-local-location="H:\allSpace\repository\spongeboblz\lombok\buildScripts\ivy-repo\org.eclipse.custom-osgi-3.9.0.xml" origin-is-local="true" origin-location="H:\allSpace\repository\spongeboblz\lombok\buildScripts\ivy-repo\org.eclipse.custom-osgi-3.9.0.xml"/>
				<caller organisation="projectlombok.org" name="lombok" conf="eclipseBuild, build, buildBase, javac6, netbeansBuild" rev="3.9.0" rev-constraint-default="3.9.0" rev-constraint-dynamic="3.9.0" callerrev="working@DESKTOP-E5VKVJF"/>
				<artifacts>
					<artifact name="osgi" type="jar" ext="jar" extra-0.url="https://projectlombok.org/ivyrepo/eclipse/org.eclipse.osgi_3.9.0.v20130529-1710.jar" status="no" details="" size="1390308" time="0" location="H:\allSpace\repository\spongeboblz\lombok\ivyCache\org.eclipse.custom\osgi\jars\osgi-3.9.0.jar">
						<origin-location is-local="false" location="https://projectlombok.org/ivyrepo/eclipse/org.eclipse.osgi_3.9.0.v20130529-1710.jar"/>
					</artifact>
				</artifacts>
			</revision>
		</module>
		<module organisation="org.eclipse.custom" name="equinox.common">
			<revision name="3.6.200" status="integration" pubdate="20130402150500" resolver="projectLocalRepo" artresolver="projectLocalRepo" homepage="http://www.eclipse.org/eclipse/" downloaded="false" searched="false" default="false" conf="default" position="38">
				<license name="Eclipse Public Licence v1.0" url="http://www.eclipse.org/org/documents/epl-v10.php"/>
				<metadata-artifact status="no" details="" size="790" time="0" location="H:\allSpace\repository\spongeboblz\lombok\ivyCache\org.eclipse.custom\equinox.common\ivy-3.6.200.xml" searched="false" original-local-location="H:\allSpace\repository\spongeboblz\lombok\buildScripts\ivy-repo\org.eclipse.custom-equinox.common-3.6.200.xml" origin-is-local="true" origin-location="H:\allSpace\repository\spongeboblz\lombok\buildScripts\ivy-repo\org.eclipse.custom-equinox.common-3.6.200.xml"/>
				<caller organisation="projectlombok.org" name="lombok" conf="eclipseBuild, build, buildBase, javac6, netbeansBuild" rev="3.6.200" rev-constraint-default="3.6.200" rev-constraint-dynamic="3.6.200" callerrev="working@DESKTOP-E5VKVJF"/>
				<artifacts>
					<artifact name="equinox.common" type="jar" ext="jar" extra-0.url="https://projectlombok.org/ivyrepo/eclipse/org.eclipse.equinox.common_3.6.200.v20130402-1505.jar" status="no" details="" size="106701" time="0" location="H:\allSpace\repository\spongeboblz\lombok\ivyCache\org.eclipse.custom\equinox.common\jars\equinox.common-3.6.200.jar">
						<origin-location is-local="false" location="https://projectlombok.org/ivyrepo/eclipse/org.eclipse.equinox.common_3.6.200.v20130402-1505.jar"/>
					</artifact>
				</artifacts>
			</revision>
		</module>
		<module organisation="org.eclipse.custom" name="jdt.ui">
			<revision name="3.9.1" status="integration" pubdate="20130820142700" resolver="projectLocalRepo" artresolver="projectLocalRepo" homepage="http://www.eclipse.org/eclipse/" downloaded="false" searched="false" default="false" conf="default" position="37">
				<license name="Eclipse Public Licence v1.0" url="http://www.eclipse.org/org/documents/epl-v10.php"/>
				<metadata-artifact status="no" details="" size="760" time="0" location="H:\allSpace\repository\spongeboblz\lombok\ivyCache\org.eclipse.custom\jdt.ui\ivy-3.9.1.xml" searched="false" original-local-location="H:\allSpace\repository\spongeboblz\lombok\buildScripts\ivy-repo\org.eclipse.custom-jdt.ui-3.9.1.xml" origin-is-local="true" origin-location="H:\allSpace\repository\spongeboblz\lombok\buildScripts\ivy-repo\org.eclipse.custom-jdt.ui-3.9.1.xml"/>
				<caller organisation="projectlombok.org" name="lombok" conf="eclipseBuild, build, buildBase, javac6, netbeansBuild" rev="3.9.1" rev-constraint-default="3.9.1" rev-constraint-dynamic="3.9.1" callerrev="working@DESKTOP-E5VKVJF"/>
				<artifacts>
					<artifact name="jdt.ui" type="jar" ext="jar" extra-0.url="https://projectlombok.org/ivyrepo/eclipse/org.eclipse.jdt.ui_3.9.1.v20130820-1427.jar" status="no" details="" size="10479626" time="0" location="H:\allSpace\repository\spongeboblz\lombok\ivyCache\org.eclipse.custom\jdt.ui\jars\jdt.ui-3.9.1.jar">
						<origin-location is-local="false" location="UNKNOWN"/>
					</artifact>
				</artifacts>
			</revision>
		</module>
		<module organisation="org.eclipse.custom" name="jdt.core">
			<revision name="3.9.1" status="integration" pubdate="20130905083700" resolver="projectLocalRepo" artresolver="projectLocalRepo" homepage="http://www.eclipse.org/eclipse/" downloaded="false" searched="false" default="false" conf="default" position="36">
				<license name="Eclipse Public Licence v1.0" url="http://www.eclipse.org/org/documents/epl-v10.php"/>
				<metadata-artifact status="no" details="" size="766" time="0" location="H:\allSpace\repository\spongeboblz\lombok\ivyCache\org.eclipse.custom\jdt.core\ivy-3.9.1.xml" searched="false" original-local-location="H:\allSpace\repository\spongeboblz\lombok\buildScripts\ivy-repo\org.eclipse.custom-jdt.core-3.9.1.xml" origin-is-local="true" origin-location="H:\allSpace\repository\spongeboblz\lombok\buildScripts\ivy-repo\org.eclipse.custom-jdt.core-3.9.1.xml"/>
				<caller organisation="projectlombok.org" name="lombok" conf="eclipseBuild, build, buildBase, javac6, netbeansBuild" rev="3.9.1" rev-constraint-default="3.9.1" rev-constraint-dynamic="3.9.1" callerrev="working@DESKTOP-E5VKVJF"/>
				<artifacts>
					<artifact name="jdt.core" type="jar" ext="jar" extra-0.url="https://projectlombok.org/ivyrepo/eclipse/org.eclipse.jdt.core_3.9.1.v20130905-0837.jar" status="no" details="" size="4849416" time="0" location="H:\allSpace\repository\spongeboblz\lombok\ivyCache\org.eclipse.custom\jdt.core\jars\jdt.core-3.9.1.jar">
						<origin-location is-local="false" location="https://projectlombok.org/ivyrepo/eclipse/org.eclipse.jdt.core_3.9.1.v20130905-0837.jar"/>
					</artifact>
				</artifacts>
			</revision>
		</module>
		<module organisation="org.eclipse.custom" name="core.runtime">
			<revision name="3.9.0" status="integration" pubdate="20130326125500" resolver="projectLocalRepo" artresolver="projectLocalRepo" homepage="http://www.eclipse.org/eclipse/" downloaded="false" searched="false" default="false" conf="default" position="35">
				<license name="Eclipse Public Licence v1.0" url="http://www.eclipse.org/org/documents/epl-v10.php"/>
				<metadata-artifact status="no" details="" size="778" time="0" location="H:\allSpace\repository\spongeboblz\lombok\ivyCache\org.eclipse.custom\core.runtime\ivy-3.9.0.xml" searched="false" original-local-location="H:\allSpace\repository\spongeboblz\lombok\buildScripts\ivy-repo\org.eclipse.custom-core.runtime-3.9.0.xml" origin-is-local="true" origin-location="H:\allSpace\repository\spongeboblz\lombok\buildScripts\ivy-repo\org.eclipse.custom-core.runtime-3.9.0.xml"/>
				<caller organisation="projectlombok.org" name="lombok" conf="eclipseBuild, build, buildBase, javac6, netbeansBuild" rev="3.9.0" rev-constraint-default="3.9.0" rev-constraint-dynamic="3.9.0" callerrev="working@DESKTOP-E5VKVJF"/>
				<artifacts>
					<artifact name="core.runtime" type="jar" ext="jar" extra-0.url="https://projectlombok.org/ivyrepo/eclipse/org.eclipse.core.runtime_3.9.0.v20130326-1255.jar" status="no" details="" size="73635" time="0" location="H:\allSpace\repository\spongeboblz\lombok\ivyCache\org.eclipse.custom\core.runtime\jars\core.runtime-3.9.0.jar">
						<origin-location is-local="false" location="https://projectlombok.org/ivyrepo/eclipse/org.eclipse.core.runtime_3.9.0.v20130326-1255.jar"/>
					</artifact>
				</artifacts>
			</revision>
		</module>
		<module organisation="org.eclipse.jdt" name="org.eclipse.jdt.compiler.apt">
			<revision name="1.3.300" status="release" pubdate="20180925121527" resolver="maven-repo2" artresolver="maven-repo2" homepage="http://www.eclipse.org/jdt" downloaded="false" searched="false" default="false" conf="default, compile, runtime, master" position="20">
				<license name="Eclipse Public License" url="http://www.eclipse.org/legal/epl-v10.html"/>
				<metadata-artifact status="no" details="" size="2835" time="0" location="H:\allSpace\repository\spongeboblz\lombok\ivyCache\org.eclipse.jdt\org.eclipse.jdt.compiler.apt\ivy-1.3.300.xml" searched="false" original-local-location="H:\allSpace\repository\spongeboblz\lombok\ivyCache\org.eclipse.jdt\org.eclipse.jdt.compiler.apt\ivy-1.3.300.xml.original" origin-is-local="false" origin-location="https://repo1.maven.org/maven2/org/eclipse/jdt/org.eclipse.jdt.compiler.apt/1.3.300/org.eclipse.jdt.compiler.apt-1.3.300.pom"/>
				<caller organisation="projectlombok.org" name="lombok" conf="eclipseBuild, build, buildBase, javac6, netbeansBuild" rev="1.3.300" rev-constraint-default="1.3.300" rev-constraint-dynamic="1.3.300" callerrev="working@DESKTOP-E5VKVJF"/>
				<artifacts>
					<artifact name="org.eclipse.jdt.compiler.apt" type="jar" ext="jar" status="no" details="" size="216294" time="0" location="H:\allSpace\repository\spongeboblz\lombok\ivyCache\org.eclipse.jdt\org.eclipse.jdt.compiler.apt\jars\org.eclipse.jdt.compiler.apt-1.3.300.jar">
						<origin-location is-local="false" location="https://repo1.maven.org/maven2/org/eclipse/jdt/org.eclipse.jdt.compiler.apt/1.3.300/org.eclipse.jdt.compiler.apt-1.3.300.jar"/>
					</artifact>
				</artifacts>
			</revision>
		</module>
		<module organisation="org.eclipse.jdt" name="org.eclipse.jdt.core">
			<revision name="3.20.0" status="release" pubdate="20191217185136" resolver="maven-repo2" artresolver="maven-repo2" homepage="http://www.eclipse.org/jdt" downloaded="false" searched="true" default="false" conf="master(*), compile, runtime(*), runtime, compile(*), master" position="21">
				<license name="Eclipse Public License - v 2.0" url="https://www.eclipse.org/legal/epl-2.0/"/>
				<metadata-artifact status="no" details="" size="3466" time="0" location="H:\allSpace\repository\spongeboblz\lombok\ivyCache\org.eclipse.jdt\org.eclipse.jdt.core\ivy-3.20.0.xml" searched="true" original-local-location="H:\allSpace\repository\spongeboblz\lombok\ivyCache\org.eclipse.jdt\org.eclipse.jdt.core\ivy-3.20.0.xml.original" origin-is-local="false" origin-location="https://repo1.maven.org/maven2/org/eclipse/jdt/org.eclipse.jdt.core/3.20.0/org.eclipse.jdt.core-3.20.0.pom"/>
				<caller organisation="org.eclipse.jdt" name="org.eclipse.jdt.compiler.apt" conf="default, compile, runtime, master" rev="[3.5.0,4.0.0)" rev-constraint-default="[3.5.0,4.0.0)" rev-constraint-dynamic="[3.5.0,4.0.0)" callerrev="1.3.300"/>
				<artifacts>
					<artifact name="org.eclipse.jdt.core" type="jar" ext="jar" status="no" details="" size="7034553" time="0" location="H:\allSpace\repository\spongeboblz\lombok\ivyCache\org.eclipse.jdt\org.eclipse.jdt.core\jars\org.eclipse.jdt.core-3.20.0.jar">
						<origin-location is-local="false" location="UNKNOWN"/>
					</artifact>
				</artifacts>
			</revision>
		</module>
		<module organisation="org.eclipse.platform" name="org.eclipse.text">
			<revision name="3.10.0" status="release" pubdate="20191217194755" resolver="maven-repo2" artresolver="maven-repo2" homepage="http://www.eclipse.org/platform" downloaded="false" searched="true" default="false" conf="master(*), compile, runtime(*), runtime, compile(*), master" position="33">
				<license name="Eclipse Public License - v 2.0" url="https://www.eclipse.org/legal/epl-2.0/"/>
				<metadata-artifact status="no" details="" size="3305" time="0" location="H:\allSpace\repository\spongeboblz\lombok\ivyCache\org.eclipse.platform\org.eclipse.text\ivy-3.10.0.xml" searched="true" original-local-location="H:\allSpace\repository\spongeboblz\lombok\ivyCache\org.eclipse.platform\org.eclipse.text\ivy-3.10.0.xml.original" origin-is-local="false" origin-location="https://repo1.maven.org/maven2/org/eclipse/platform/org.eclipse.text/3.10.0/org.eclipse.text-3.10.0.pom"/>
				<caller organisation="org.eclipse.jdt" name="org.eclipse.jdt.core" conf="compile, runtime" rev="[3.6.0,4.0.0)" rev-constraint-default="[3.6.0,4.0.0)" rev-constraint-dynamic="[3.6.0,4.0.0)" callerrev="3.20.0"/>
				<artifacts>
					<artifact name="org.eclipse.text" type="jar" ext="jar" status="no" details="" size="296956" time="0" location="H:\allSpace\repository\spongeboblz\lombok\ivyCache\org.eclipse.platform\org.eclipse.text\jars\org.eclipse.text-3.10.0.jar">
						<origin-location is-local="false" location="https://repo1.maven.org/maven2/org/eclipse/platform/org.eclipse.text/3.10.0/org.eclipse.text-3.10.0.jar"/>
					</artifact>
				</artifacts>
			</revision>
		</module>
		<module organisation="org.eclipse.platform" name="org.eclipse.core.commands">
			<revision name="3.9.600" status="release" pubdate="20191217185415" resolver="maven-repo2" artresolver="maven-repo2" homepage="http://www.eclipse.org/platform" downloaded="false" searched="true" default="false" conf="master(*), compile, runtime(*), runtime, compile(*), master" position="34">
				<license name="Eclipse Public License - v 2.0" url="https://www.eclipse.org/legal/epl-2.0/"/>
				<metadata-artifact status="no" details="" size="2839" time="0" location="H:\allSpace\repository\spongeboblz\lombok\ivyCache\org.eclipse.platform\org.eclipse.core.commands\ivy-3.9.600.xml" searched="true" original-local-location="H:\allSpace\repository\spongeboblz\lombok\ivyCache\org.eclipse.platform\org.eclipse.core.commands\ivy-3.9.600.xml.original" origin-is-local="false" origin-location="https://repo1.maven.org/maven2/org/eclipse/platform/org.eclipse.core.commands/3.9.600/org.eclipse.core.commands-3.9.600.pom"/>
				<caller organisation="org.eclipse.platform" name="org.eclipse.text" conf="compile, runtime" rev="[3.5.0,4.0.0)" rev-constraint-default="[3.5.0,4.0.0)" rev-constraint-dynamic="[3.5.0,4.0.0)" callerrev="3.10.0"/>
				<artifacts>
					<artifact name="org.eclipse.core.commands" type="jar" ext="jar" status="no" details="" size="115428" time="0" location="H:\allSpace\repository\spongeboblz\lombok\ivyCache\org.eclipse.platform\org.eclipse.core.commands\jars\org.eclipse.core.commands-3.9.600.jar">
						<origin-location is-local="false" location="https://repo1.maven.org/maven2/org/eclipse/platform/org.eclipse.core.commands/3.9.600/org.eclipse.core.commands-3.9.600.jar"/>
					</artifact>
				</artifacts>
			</revision>
		</module>
		<module organisation="org.eclipse.platform" name="org.eclipse.core.resources">
			<revision name="3.13.600" status="release" pubdate="20191217185919" resolver="maven-repo2" artresolver="maven-repo2" homepage="http://www.eclipse.org/platform" downloaded="false" searched="true" default="false" conf="master(*), compile, runtime(*), runtime, compile(*), master" position="22">
				<license name="Eclipse Public License - v 2.0" url="https://www.eclipse.org/legal/epl-2.0/"/>
				<metadata-artifact status="no" details="" size="3341" time="0" location="H:\allSpace\repository\spongeboblz\lombok\ivyCache\org.eclipse.platform\org.eclipse.core.resources\ivy-3.13.600.xml" searched="true" original-local-location="H:\allSpace\repository\spongeboblz\lombok\ivyCache\org.eclipse.platform\org.eclipse.core.resources\ivy-3.13.600.xml.original" origin-is-local="false" origin-location="https://repo1.maven.org/maven2/org/eclipse/platform/org.eclipse.core.resources/3.13.600/org.eclipse.core.resources-3.13.600.pom"/>
				<caller organisation="org.eclipse.jdt" name="org.eclipse.jdt.core" conf="compile, runtime" rev="[3.12.0,4.0.0)" rev-constraint-default="[3.12.0,4.0.0)" rev-constraint-dynamic="[3.12.0,4.0.0)" callerrev="3.20.0"/>
				<artifacts>
					<artifact name="org.eclipse.core.resources" type="jar" ext="jar" status="no" details="" size="894185" time="0" location="H:\allSpace\repository\spongeboblz\lombok\ivyCache\org.eclipse.platform\org.eclipse.core.resources\jars\org.eclipse.core.resources-3.13.600.jar">
						<origin-location is-local="false" location="https://repo1.maven.org/maven2/org/eclipse/platform/org.eclipse.core.resources/3.13.600/org.eclipse.core.resources-3.13.600.jar"/>
					</artifact>
				</artifacts>
			</revision>
		</module>
		<module organisation="org.eclipse.platform" name="org.eclipse.core.filesystem">
			<revision name="1.7.600" status="release" pubdate="20191217185719" resolver="maven-repo2" artresolver="maven-repo2" homepage="http://www.eclipse.org/platform" downloaded="false" searched="true" default="false" conf="master(*), compile, runtime(*), runtime, compile(*), master" position="32">
				<license name="Eclipse Public License - v 2.0" url="https://www.eclipse.org/legal/epl-2.0/"/>
				<metadata-artifact status="no" details="" size="3184" time="0" location="H:\allSpace\repository\spongeboblz\lombok\ivyCache\org.eclipse.platform\org.eclipse.core.filesystem\ivy-1.7.600.xml" searched="true" original-local-location="H:\allSpace\repository\spongeboblz\lombok\ivyCache\org.eclipse.platform\org.eclipse.core.filesystem\ivy-1.7.600.xml.original" origin-is-local="false" origin-location="https://repo1.maven.org/maven2/org/eclipse/platform/org.eclipse.core.filesystem/1.7.600/org.eclipse.core.filesystem-1.7.600.pom"/>
				<caller organisation="org.eclipse.jdt" name="org.eclipse.jdt.core" conf="compile, runtime" rev="[1.7.0,2.0.0)" rev-constraint-default="[1.7.0,2.0.0)" rev-constraint-dynamic="[1.7.0,2.0.0)" callerrev="3.20.0"/>
				<caller organisation="org.eclipse.platform" name="org.eclipse.core.resources" conf="null, compile, runtime" rev="[1.3.0,2.0.0)" rev-constraint-default="[1.3.0,2.0.0)" rev-constraint-dynamic="[1.3.0,2.0.0)" callerrev="3.13.600"/>
				<artifacts>
					<artifact name="org.eclipse.core.filesystem" type="jar" ext="jar" status="no" details="" size="66918" time="0" location="H:\allSpace\repository\spongeboblz\lombok\ivyCache\org.eclipse.platform\org.eclipse.core.filesystem\jars\org.eclipse.core.filesystem-1.7.600.jar">
						<origin-location is-local="false" location="https://repo1.maven.org/maven2/org/eclipse/platform/org.eclipse.core.filesystem/1.7.600/org.eclipse.core.filesystem-1.7.600.jar"/>
					</artifact>
				</artifacts>
			</revision>
			<revision name="[1.3.0,2.0.0)" evicted="latest-revision" evicted-reason="" downloaded="false" searched="false" conf="master(*), compile, runtime(*), runtime, compile(*), master" position="-1">
				<evicted-by rev="1.7.600"/>
				<caller organisation="org.eclipse.jdt" name="org.eclipse.jdt.core" conf="compile, runtime" rev="[1.7.0,2.0.0)" rev-constraint-default="[1.7.0,2.0.0)" rev-constraint-dynamic="[1.7.0,2.0.0)" callerrev="3.20.0"/>
				<caller organisation="org.eclipse.platform" name="org.eclipse.core.resources" conf="null, compile, runtime" rev="[1.3.0,2.0.0)" rev-constraint-default="[1.3.0,2.0.0)" rev-constraint-dynamic="[1.3.0,2.0.0)" callerrev="3.13.600"/>
				<artifacts>
				</artifacts>
			</revision>
		</module>
		<module organisation="org.eclipse.platform" name="org.eclipse.core.expressions">
			<revision name="3.6.600" status="release" pubdate="20191217185618" resolver="maven-repo2" artresolver="maven-repo2" homepage="http://www.eclipse.org/platform" downloaded="false" searched="true" default="false" conf="master(*), compile, runtime(*), runtime, compile(*), master" position="23">
				<license name="Eclipse Public License - v 2.0" url="https://www.eclipse.org/legal/epl-2.0/"/>
				<metadata-artifact status="no" details="" size="2860" time="0" location="H:\allSpace\repository\spongeboblz\lombok\ivyCache\org.eclipse.platform\org.eclipse.core.expressions\ivy-3.6.600.xml" searched="true" original-local-location="H:\allSpace\repository\spongeboblz\lombok\ivyCache\org.eclipse.platform\org.eclipse.core.expressions\ivy-3.6.600.xml.original" origin-is-local="false" origin-location="https://repo1.maven.org/maven2/org/eclipse/platform/org.eclipse.core.expressions/3.6.600/org.eclipse.core.expressions-3.6.600.pom"/>
				<caller organisation="org.eclipse.platform" name="org.eclipse.core.resources" conf="null, compile, runtime" rev="[3.2.0,4.0.0)" rev-constraint-default="[3.2.0,4.0.0)" rev-constraint-dynamic="[3.2.0,4.0.0)" callerrev="3.13.600"/>
				<artifacts>
					<artifact name="org.eclipse.core.expressions" type="jar" ext="jar" status="no" details="" size="94612" time="0" location="H:\allSpace\repository\spongeboblz\lombok\ivyCache\org.eclipse.platform\org.eclipse.core.expressions\jars\org.eclipse.core.expressions-3.6.600.jar">
						<origin-location is-local="false" location="https://repo1.maven.org/maven2/org/eclipse/platform/org.eclipse.core.expressions/3.6.600/org.eclipse.core.expressions-3.6.600.jar"/>
					</artifact>
				</artifacts>
			</revision>
		</module>
		<module organisation="org.eclipse.platform" name="org.eclipse.core.runtime">
			<revision name="3.17.0" status="release" pubdate="20191217185938" resolver="maven-repo2" artresolver="maven-repo2" homepage="http://www.eclipse.org/platform" downloaded="false" searched="true" default="false" conf="master(*), compile, runtime(*), runtime, compile(*), master" position="24">
				<license name="Eclipse Public License - v 2.0" url="https://www.eclipse.org/legal/epl-2.0/"/>
				<metadata-artifact status="no" details="" size="3835" time="0" location="H:\allSpace\repository\spongeboblz\lombok\ivyCache\org.eclipse.platform\org.eclipse.core.runtime\ivy-3.17.0.xml" searched="true" original-local-location="H:\allSpace\repository\spongeboblz\lombok\ivyCache\org.eclipse.platform\org.eclipse.core.runtime\ivy-3.17.0.xml.original" origin-is-local="false" origin-location="https://repo1.maven.org/maven2/org/eclipse/platform/org.eclipse.core.runtime/3.17.0/org.eclipse.core.runtime-3.17.0.pom"/>
				<caller organisation="org.eclipse.platform" name="org.eclipse.core.expressions" conf="null, compile, runtime" rev="[3.3.0,4.0.0)" rev-constraint-default="[3.3.0,4.0.0)" rev-constraint-dynamic="[3.3.0,4.0.0)" callerrev="3.6.600"/>
				<caller organisation="org.eclipse.jdt" name="org.eclipse.jdt.core" conf="compile, runtime" rev="[3.13.0,4.0.0)" rev-constraint-default="[3.13.0,4.0.0)" rev-constraint-dynamic="[3.13.0,4.0.0)" callerrev="3.20.0"/>
				<caller organisation="org.eclipse.platform" name="org.eclipse.core.resources" conf="null, compile, runtime" rev="[3.12.0,4.0.0)" rev-constraint-default="[3.12.0,4.0.0)" rev-constraint-dynamic="[3.12.0,4.0.0)" callerrev="3.13.600"/>
				<caller organisation="org.eclipse.platform" name="org.eclipse.text" conf="compile, runtime" rev="[3.14.0,4.0.0)" rev-constraint-default="[3.14.0,4.0.0)" rev-constraint-dynamic="[3.14.0,4.0.0)" callerrev="3.10.0"/>
				<artifacts>
					<artifact name="org.eclipse.core.runtime" type="jar" ext="jar" status="no" details="" size="73961" time="0" location="H:\allSpace\repository\spongeboblz\lombok\ivyCache\org.eclipse.platform\org.eclipse.core.runtime\jars\org.eclipse.core.runtime-3.17.0.jar">
						<origin-location is-local="false" location="https://repo1.maven.org/maven2/org/eclipse/platform/org.eclipse.core.runtime/3.17.0/org.eclipse.core.runtime-3.17.0.jar"/>
					</artifact>
				</artifacts>
			</revision>
			<revision name="[3.14.0,4.0.0)" evicted="latest-revision" evicted-reason="" downloaded="false" searched="false" conf="master(*), compile, runtime(*), runtime, compile(*), master" position="-1">
				<evicted-by rev="3.17.0"/>
				<caller organisation="org.eclipse.platform" name="org.eclipse.text" conf="compile, runtime" rev="[3.14.0,4.0.0)" rev-constraint-default="[3.14.0,4.0.0)" rev-constraint-dynamic="[3.14.0,4.0.0)" callerrev="3.10.0"/>
				<artifacts>
				</artifacts>
			</revision>
			<revision name="[3.12.0,4.0.0)" evicted="latest-revision" evicted-reason="" downloaded="false" searched="false" conf="master(*), compile, runtime(*), runtime, compile(*)" position="-1">
				<evicted-by rev="3.17.0"/>
				<caller organisation="org.eclipse.platform" name="org.eclipse.core.expressions" conf="null, compile, runtime" rev="[3.3.0,4.0.0)" rev-constraint-default="[3.3.0,4.0.0)" rev-constraint-dynamic="[3.3.0,4.0.0)" callerrev="3.6.600"/>
				<caller organisation="org.eclipse.platform" name="org.eclipse.core.resources" conf="null, compile, runtime" rev="[3.12.0,4.0.0)" rev-constraint-default="[3.12.0,4.0.0)" rev-constraint-dynamic="[3.12.0,4.0.0)" callerrev="3.13.600"/>
				<artifacts>
				</artifacts>
			</revision>
			<revision name="[3.3.0,4.0.0)" evicted="latest-revision" evicted-reason="" downloaded="false" searched="false" conf="master(*), compile, runtime(*), runtime, compile(*), master" position="-1">
				<evicted-by rev="3.17.0"/>
				<caller organisation="org.eclipse.platform" name="org.eclipse.core.expressions" conf="null, compile, runtime" rev="[3.3.0,4.0.0)" rev-constraint-default="[3.3.0,4.0.0)" rev-constraint-dynamic="[3.3.0,4.0.0)" callerrev="3.6.600"/>
				<caller organisation="org.eclipse.jdt" name="org.eclipse.jdt.core" conf="compile, runtime" rev="[3.13.0,4.0.0)" rev-constraint-default="[3.13.0,4.0.0)" rev-constraint-dynamic="[3.13.0,4.0.0)" callerrev="3.20.0"/>
				<caller organisation="org.eclipse.platform" name="org.eclipse.core.resources" conf="null, compile, runtime" rev="[3.12.0,4.0.0)" rev-constraint-default="[3.12.0,4.0.0)" rev-constraint-dynamic="[3.12.0,4.0.0)" callerrev="3.13.600"/>
				<caller organisation="org.eclipse.platform" name="org.eclipse.text" conf="compile, runtime" rev="[3.14.0,4.0.0)" rev-constraint-default="[3.14.0,4.0.0)" rev-constraint-dynamic="[3.14.0,4.0.0)" callerrev="3.10.0"/>
				<artifacts>
				</artifacts>
			</revision>
		</module>
		<module organisation="org.eclipse.platform" name="org.eclipse.equinox.app">
			<revision name="1.4.300" status="release" pubdate="20190918003926" resolver="maven-repo2" artresolver="maven-repo2" homepage="http://www.eclipse.org/platform" downloaded="false" searched="true" default="false" conf="master(*), compile, runtime(*), runtime, compile(*), master" position="31">
				<license name="Eclipse Public License - v 2.0" url="https://www.eclipse.org/legal/epl-2.0/"/>
				<metadata-artifact status="no" details="" size="3023" time="0" location="H:\allSpace\repository\spongeboblz\lombok\ivyCache\org.eclipse.platform\org.eclipse.equinox.app\ivy-1.4.300.xml" searched="true" original-local-location="H:\allSpace\repository\spongeboblz\lombok\ivyCache\org.eclipse.platform\org.eclipse.equinox.app\ivy-1.4.300.xml.original" origin-is-local="false" origin-location="https://repo1.maven.org/maven2/org/eclipse/platform/org.eclipse.equinox.app/1.4.300/org.eclipse.equinox.app-1.4.300.pom"/>
				<caller organisation="org.eclipse.platform" name="org.eclipse.core.runtime" conf="compile, runtime" rev="[1.3.0,)" rev-constraint-default="[1.3.0,)" rev-constraint-dynamic="[1.3.0,)" callerrev="3.17.0"/>
				<artifacts>
					<artifact name="org.eclipse.equinox.app" type="jar" ext="jar" status="no" details="" size="89371" time="0" location="H:\allSpace\repository\spongeboblz\lombok\ivyCache\org.eclipse.platform\org.eclipse.equinox.app\jars\org.eclipse.equinox.app-1.4.300.jar">
						<origin-location is-local="false" location="https://repo1.maven.org/maven2/org/eclipse/platform/org.eclipse.equinox.app/1.4.300/org.eclipse.equinox.app-1.4.300.jar"/>
					</artifact>
				</artifacts>
			</revision>
		</module>
		<module organisation="org.eclipse.platform" name="org.eclipse.core.contenttype">
			<revision name="3.7.500" status="release" pubdate="20191217185433" resolver="maven-repo2" artresolver="maven-repo2" homepage="http://www.eclipse.org/platform" downloaded="false" searched="true" default="false" conf="master(*), compile, runtime(*), runtime, compile(*), master" position="30">
				<license name="Eclipse Public License - v 2.0" url="https://www.eclipse.org/legal/epl-2.0/"/>
				<metadata-artifact status="no" details="" size="3211" time="0" location="H:\allSpace\repository\spongeboblz\lombok\ivyCache\org.eclipse.platform\org.eclipse.core.contenttype\ivy-3.7.500.xml" searched="true" original-local-location="H:\allSpace\repository\spongeboblz\lombok\ivyCache\org.eclipse.platform\org.eclipse.core.contenttype\ivy-3.7.500.xml.original" origin-is-local="false" origin-location="https://repo1.maven.org/maven2/org/eclipse/platform/org.eclipse.core.contenttype/3.7.500/org.eclipse.core.contenttype-3.7.500.pom"/>
				<caller organisation="org.eclipse.platform" name="org.eclipse.core.runtime" conf="compile, runtime" rev="[3.7.0,4.0.0)" rev-constraint-default="[3.7.0,4.0.0)" rev-constraint-dynamic="[3.7.0,4.0.0)" callerrev="3.17.0"/>
				<artifacts>
					<artifact name="org.eclipse.core.contenttype" type="jar" ext="jar" status="no" details="" size="101221" time="0" location="H:\allSpace\repository\spongeboblz\lombok\ivyCache\org.eclipse.platform\org.eclipse.core.contenttype\jars\org.eclipse.core.contenttype-3.7.500.jar">
						<origin-location is-local="false" location="https://repo1.maven.org/maven2/org/eclipse/platform/org.eclipse.core.contenttype/3.7.500/org.eclipse.core.contenttype-3.7.500.jar"/>
					</artifact>
				</artifacts>
			</revision>
		</module>
		<module organisation="org.eclipse.platform" name="org.eclipse.equinox.preferences">
			<revision name="3.7.600" status="release" pubdate="20191217193128" resolver="maven-repo2" artresolver="maven-repo2" homepage="http://www.eclipse.org/platform" downloaded="false" searched="true" default="false" conf="master(*), compile, runtime(*), runtime, compile(*), master" position="29">
				<license name="Eclipse Public License - v 2.0" url="https://www.eclipse.org/legal/epl-2.0/"/>
				<metadata-artifact status="no" details="" size="3035" time="0" location="H:\allSpace\repository\spongeboblz\lombok\ivyCache\org.eclipse.platform\org.eclipse.equinox.preferences\ivy-3.7.600.xml" searched="true" original-local-location="H:\allSpace\repository\spongeboblz\lombok\ivyCache\org.eclipse.platform\org.eclipse.equinox.preferences\ivy-3.7.600.xml.original" origin-is-local="false" origin-location="https://repo1.maven.org/maven2/org/eclipse/platform/org.eclipse.equinox.preferences/3.7.600/org.eclipse.equinox.preferences-3.7.600.pom"/>
				<caller organisation="org.eclipse.platform" name="org.eclipse.core.runtime" conf="compile, runtime" rev="[3.7.0,4.0.0)" rev-constraint-default="[3.7.0,4.0.0)" rev-constraint-dynamic="[3.7.0,4.0.0)" callerrev="3.17.0"/>
				<caller organisation="org.eclipse.platform" name="org.eclipse.core.contenttype" conf="compile, runtime" rev="[3.2.0,4.0.0)" rev-constraint-default="[3.2.0,4.0.0)" rev-constraint-dynamic="[3.2.0,4.0.0)" callerrev="3.7.500"/>
				<caller organisation="org.eclipse.platform" name="org.eclipse.text" conf="compile, runtime" rev="[3.7.0,4.0.0)" rev-constraint-default="[3.7.0,4.0.0)" rev-constraint-dynamic="[3.7.0,4.0.0)" callerrev="3.10.0"/>
				<artifacts>
					<artifact name="org.eclipse.equinox.preferences" type="jar" ext="jar" status="no" details="" size="132710" time="0" location="H:\allSpace\repository\spongeboblz\lombok\ivyCache\org.eclipse.platform\org.eclipse.equinox.preferences\jars\org.eclipse.equinox.preferences-3.7.600.jar">
						<origin-location is-local="false" location="https://repo1.maven.org/maven2/org/eclipse/platform/org.eclipse.equinox.preferences/3.7.600/org.eclipse.equinox.preferences-3.7.600.jar"/>
					</artifact>
				</artifacts>
			</revision>
			<revision name="[3.2.0,4.0.0)" evicted="latest-revision" evicted-reason="" downloaded="false" searched="false" conf="master(*), compile, runtime(*), runtime, compile(*), master" position="-1">
				<evicted-by rev="3.7.600"/>
				<caller organisation="org.eclipse.platform" name="org.eclipse.core.contenttype" conf="compile, runtime" rev="[3.2.0,4.0.0)" rev-constraint-default="[3.2.0,4.0.0)" rev-constraint-dynamic="[3.2.0,4.0.0)" callerrev="3.7.500"/>
				<artifacts>
				</artifacts>
			</revision>
		</module>
		<module organisation="org.eclipse.platform" name="org.eclipse.equinox.registry">
			<revision name="3.8.600" status="release" pubdate="20191217193207" resolver="maven-repo2" artresolver="maven-repo2" homepage="http://www.eclipse.org/platform" downloaded="false" searched="true" default="false" conf="master(*), compile, runtime(*), runtime, compile(*), master" position="28">
				<license name="Eclipse Public License - v 2.0" url="https://www.eclipse.org/legal/epl-2.0/"/>
				<metadata-artifact status="no" details="" size="2869" time="0" location="H:\allSpace\repository\spongeboblz\lombok\ivyCache\org.eclipse.platform\org.eclipse.equinox.registry\ivy-3.8.600.xml" searched="true" original-local-location="H:\allSpace\repository\spongeboblz\lombok\ivyCache\org.eclipse.platform\org.eclipse.equinox.registry\ivy-3.8.600.xml.original" origin-is-local="false" origin-location="https://repo1.maven.org/maven2/org/eclipse/platform/org.eclipse.equinox.registry/3.8.600/org.eclipse.equinox.registry-3.8.600.pom"/>
				<caller organisation="org.eclipse.platform" name="org.eclipse.core.runtime" conf="compile, runtime" rev="[3.8.0,4.0.0)" rev-constraint-default="[3.8.0,4.0.0)" rev-constraint-dynamic="[3.8.0,4.0.0)" callerrev="3.17.0"/>
				<caller organisation="org.eclipse.platform" name="org.eclipse.core.filesystem" conf="compile, runtime" rev="[3.2.0,4.0.0)" rev-constraint-default="[3.2.0,4.0.0)" rev-constraint-dynamic="[3.2.0,4.0.0)" callerrev="1.7.600"/>
				<caller organisation="org.eclipse.platform" name="org.eclipse.core.contenttype" conf="compile, runtime" rev="[3.2.0,4.0.0)" rev-constraint-default="[3.2.0,4.0.0)" rev-constraint-dynamic="[3.2.0,4.0.0)" callerrev="3.7.500"/>
				<caller organisation="org.eclipse.platform" name="org.eclipse.equinox.app" conf="compile, runtime" rev="[3.4.0,4.0.0)" rev-constraint-default="[3.4.0,4.0.0)" rev-constraint-dynamic="[3.4.0,4.0.0)" callerrev="1.4.300"/>
				<artifacts>
					<artifact name="org.eclipse.equinox.registry" type="jar" ext="jar" status="no" details="" size="193960" time="0" location="H:\allSpace\repository\spongeboblz\lombok\ivyCache\org.eclipse.platform\org.eclipse.equinox.registry\jars\org.eclipse.equinox.registry-3.8.600.jar">
						<origin-location is-local="false" location="https://repo1.maven.org/maven2/org/eclipse/platform/org.eclipse.equinox.registry/3.8.600/org.eclipse.equinox.registry-3.8.600.jar"/>
					</artifact>
				</artifacts>
			</revision>
			<revision name="[3.4.0,4.0.0)" evicted="latest-revision" evicted-reason="" downloaded="false" searched="false" conf="master(*), compile, runtime(*), runtime, compile(*), master" position="-1">
				<evicted-by rev="3.8.600"/>
				<caller organisation="org.eclipse.platform" name="org.eclipse.equinox.app" conf="compile, runtime" rev="[3.4.0,4.0.0)" rev-constraint-default="[3.4.0,4.0.0)" rev-constraint-dynamic="[3.4.0,4.0.0)" callerrev="1.4.300"/>
				<artifacts>
				</artifacts>
			</revision>
			<revision name="[3.2.0,4.0.0)" evicted="latest-revision" evicted-reason="" downloaded="false" searched="false" conf="master(*), compile, runtime(*), runtime, compile(*), master" position="-1">
				<evicted-by rev="3.8.600"/>
				<caller organisation="org.eclipse.platform" name="org.eclipse.core.filesystem" conf="compile, runtime" rev="[3.2.0,4.0.0)" rev-constraint-default="[3.2.0,4.0.0)" rev-constraint-dynamic="[3.2.0,4.0.0)" callerrev="1.7.600"/>
				<caller organisation="org.eclipse.platform" name="org.eclipse.core.contenttype" conf="compile, runtime" rev="[3.2.0,4.0.0)" rev-constraint-default="[3.2.0,4.0.0)" rev-constraint-dynamic="[3.2.0,4.0.0)" callerrev="3.7.500"/>
				<artifacts>
				</artifacts>
			</revision>
		</module>
		<module organisation="org.eclipse.platform" name="org.eclipse.core.jobs">
			<revision name="3.10.600" status="release" pubdate="20191217185738" resolver="maven-repo2" artresolver="maven-repo2" homepage="http://www.eclipse.org/platform" downloaded="false" searched="true" default="false" conf="master(*), compile, runtime(*), runtime, compile(*), master" position="27">
				<license name="Eclipse Public License - v 2.0" url="https://www.eclipse.org/legal/epl-2.0/"/>
				<metadata-artifact status="no" details="" size="2838" time="0" location="H:\allSpace\repository\spongeboblz\lombok\ivyCache\org.eclipse.platform\org.eclipse.core.jobs\ivy-3.10.600.xml" searched="true" original-local-location="H:\allSpace\repository\spongeboblz\lombok\ivyCache\org.eclipse.platform\org.eclipse.core.jobs\ivy-3.10.600.xml.original" origin-is-local="false" origin-location="https://repo1.maven.org/maven2/org/eclipse/platform/org.eclipse.core.jobs/3.10.600/org.eclipse.core.jobs-3.10.600.pom"/>
				<caller organisation="org.eclipse.platform" name="org.eclipse.core.runtime" conf="compile, runtime" rev="[3.10.0,4.0.0)" rev-constraint-default="[3.10.0,4.0.0)" rev-constraint-dynamic="[3.10.0,4.0.0)" callerrev="3.17.0"/>
				<artifacts>
					<artifact name="org.eclipse.core.jobs" type="jar" ext="jar" status="no" details="" size="107591" time="0" location="H:\allSpace\repository\spongeboblz\lombok\ivyCache\org.eclipse.platform\org.eclipse.core.jobs\jars\org.eclipse.core.jobs-3.10.600.jar">
						<origin-location is-local="false" location="https://repo1.maven.org/maven2/org/eclipse/platform/org.eclipse.core.jobs/3.10.600/org.eclipse.core.jobs-3.10.600.jar"/>
					</artifact>
				</artifacts>
			</revision>
		</module>
		<module organisation="org.eclipse.platform" name="org.eclipse.equinox.common">
			<revision name="3.10.600" status="release" pubdate="20191217191155" resolver="maven-repo2" artresolver="maven-repo2" homepage="http://www.eclipse.org/platform" downloaded="false" searched="true" default="false" conf="master(*), compile, runtime(*), runtime, compile(*), master" position="26">
				<license name="Eclipse Public License - v 2.0" url="https://www.eclipse.org/legal/epl-2.0/"/>
				<metadata-artifact status="no" details="" size="2655" time="0" location="H:\allSpace\repository\spongeboblz\lombok\ivyCache\org.eclipse.platform\org.eclipse.equinox.common\ivy-3.10.600.xml" searched="true" original-local-location="H:\allSpace\repository\spongeboblz\lombok\ivyCache\org.eclipse.platform\org.eclipse.equinox.common\ivy-3.10.600.xml.original" origin-is-local="false" origin-location="https://repo1.maven.org/maven2/org/eclipse/platform/org.eclipse.equinox.common/3.10.600/org.eclipse.equinox.common-3.10.600.pom"/>
				<caller organisation="org.eclipse.platform" name="org.eclipse.core.runtime" conf="compile, runtime" rev="[3.10.0,4.0.0)" rev-constraint-default="[3.10.0,4.0.0)" rev-constraint-dynamic="[3.10.0,4.0.0)" callerrev="3.17.0"/>
				<caller organisation="org.eclipse.platform" name="org.eclipse.equinox.registry" conf="compile, runtime" rev="[3.7.0,4.0.0)" rev-constraint-default="[3.7.0,4.0.0)" rev-constraint-dynamic="[3.7.0,4.0.0)" callerrev="3.8.600"/>
				<caller organisation="org.eclipse.platform" name="org.eclipse.core.filesystem" conf="compile, runtime" rev="[3.2.0,4.0.0)" rev-constraint-default="[3.2.0,4.0.0)" rev-constraint-dynamic="[3.2.0,4.0.0)" callerrev="1.7.600"/>
				<caller organisation="org.eclipse.platform" name="org.eclipse.core.contenttype" conf="compile, runtime" rev="[3.2.0,4.0.0)" rev-constraint-default="[3.2.0,4.0.0)" rev-constraint-dynamic="[3.2.0,4.0.0)" callerrev="3.7.500"/>
				<caller organisation="org.eclipse.platform" name="org.eclipse.core.commands" conf="compile, runtime" rev="[3.2.0,4.0.0)" rev-constraint-default="[3.2.0,4.0.0)" rev-constraint-dynamic="[3.2.0,4.0.0)" callerrev="3.9.600"/>
				<caller organisation="org.eclipse.platform" name="org.eclipse.equinox.preferences" conf="compile, runtime" rev="[3.2.0,4.0.0)" rev-constraint-default="[3.2.0,4.0.0)" rev-constraint-dynamic="[3.2.0,4.0.0)" callerrev="3.7.600"/>
				<caller organisation="org.eclipse.platform" name="org.eclipse.core.jobs" conf="compile, runtime" rev="[3.8.0,4.0.0)" rev-constraint-default="[3.8.0,4.0.0)" rev-constraint-dynamic="[3.8.0,4.0.0)" callerrev="3.10.600"/>
				<caller organisation="org.eclipse.platform" name="org.eclipse.equinox.app" conf="compile, runtime" rev="[3.2.0,4.0.0)" rev-constraint-default="[3.2.0,4.0.0)" rev-constraint-dynamic="[3.2.0,4.0.0)" callerrev="1.4.300"/>
				<caller organisation="org.eclipse.platform" name="org.eclipse.text" conf="compile, runtime" rev="[3.5.0,4.0.0)" rev-constraint-default="[3.5.0,4.0.0)" rev-constraint-dynamic="[3.5.0,4.0.0)" callerrev="3.10.0"/>
				<artifacts>
					<artifact name="org.eclipse.equinox.common" type="jar" ext="jar" status="no" details="" size="123200" time="0" location="H:\allSpace\repository\spongeboblz\lombok\ivyCache\org.eclipse.platform\org.eclipse.equinox.common\jars\org.eclipse.equinox.common-3.10.600.jar">
						<origin-location is-local="false" location="https://repo1.maven.org/maven2/org/eclipse/platform/org.eclipse.equinox.common/3.10.600/org.eclipse.equinox.common-3.10.600.jar"/>
					</artifact>
				</artifacts>
			</revision>
			<revision name="[3.2.0,4.0.0)" evicted="latest-revision" evicted-reason="" downloaded="false" searched="false" conf="master(*), compile, runtime(*), runtime, compile(*), master" position="-1">
				<evicted-by rev="3.10.600"/>
				<caller organisation="org.eclipse.platform" name="org.eclipse.core.filesystem" conf="compile, runtime" rev="[3.2.0,4.0.0)" rev-constraint-default="[3.2.0,4.0.0)" rev-constraint-dynamic="[3.2.0,4.0.0)" callerrev="1.7.600"/>
				<caller organisation="org.eclipse.platform" name="org.eclipse.core.contenttype" conf="compile, runtime" rev="[3.2.0,4.0.0)" rev-constraint-default="[3.2.0,4.0.0)" rev-constraint-dynamic="[3.2.0,4.0.0)" callerrev="3.7.500"/>
				<caller organisation="org.eclipse.platform" name="org.eclipse.core.commands" conf="compile, runtime" rev="[3.2.0,4.0.0)" rev-constraint-default="[3.2.0,4.0.0)" rev-constraint-dynamic="[3.2.0,4.0.0)" callerrev="3.9.600"/>
				<caller organisation="org.eclipse.platform" name="org.eclipse.equinox.preferences" conf="compile, runtime" rev="[3.2.0,4.0.0)" rev-constraint-default="[3.2.0,4.0.0)" rev-constraint-dynamic="[3.2.0,4.0.0)" callerrev="3.7.600"/>
				<caller organisation="org.eclipse.platform" name="org.eclipse.equinox.app" conf="compile, runtime" rev="[3.2.0,4.0.0)" rev-constraint-default="[3.2.0,4.0.0)" rev-constraint-dynamic="[3.2.0,4.0.0)" callerrev="1.4.300"/>
				<artifacts>
				</artifacts>
			</revision>
			<revision name="[3.7.0,4.0.0)" evicted="latest-revision" evicted-reason="" downloaded="false" searched="false" conf="master(*), compile, runtime(*), runtime, compile(*), master" position="-1">
				<evicted-by rev="3.10.600"/>
				<caller organisation="org.eclipse.platform" name="org.eclipse.equinox.registry" conf="compile, runtime" rev="[3.7.0,4.0.0)" rev-constraint-default="[3.7.0,4.0.0)" rev-constraint-dynamic="[3.7.0,4.0.0)" callerrev="3.8.600"/>
				<artifacts>
				</artifacts>
			</revision>
			<revision name="[3.8.0,4.0.0)" evicted="latest-revision" evicted-reason="" downloaded="false" searched="false" conf="master(*), compile, runtime(*), runtime, compile(*), master" position="-1">
				<evicted-by rev="3.10.600"/>
				<caller organisation="org.eclipse.platform" name="org.eclipse.core.jobs" conf="compile, runtime" rev="[3.8.0,4.0.0)" rev-constraint-default="[3.8.0,4.0.0)" rev-constraint-dynamic="[3.8.0,4.0.0)" callerrev="3.10.600"/>
				<artifacts>
				</artifacts>
			</revision>
		</module>
		<module organisation="org.eclipse.platform" name="org.eclipse.osgi">
			<revision name="3.15.100" status="release" pubdate="20191217193923" resolver="maven-repo2" artresolver="maven-repo2" homepage="http://www.eclipse.org/platform" downloaded="false" searched="true" default="false" conf="master(*), compile, runtime(*), runtime, compile(*), master" position="25">
				<license name="Eclipse Public License - v 2.0" url="https://www.eclipse.org/legal/epl-2.0/"/>
				<metadata-artifact status="no" details="" size="2626" time="0" location="H:\allSpace\repository\spongeboblz\lombok\ivyCache\org.eclipse.platform\org.eclipse.osgi\ivy-3.15.100.xml" searched="true" original-local-location="H:\allSpace\repository\spongeboblz\lombok\ivyCache\org.eclipse.platform\org.eclipse.osgi\ivy-3.15.100.xml.original" origin-is-local="false" origin-location="https://repo1.maven.org/maven2/org/eclipse/platform/org.eclipse.osgi/3.15.100/org.eclipse.osgi-3.15.100.pom"/>
				<caller organisation="org.eclipse.platform" name="org.eclipse.core.runtime" conf="compile, runtime" rev="[3.13.0,4.0.0)" rev-constraint-default="[3.13.0,4.0.0)" rev-constraint-dynamic="[3.13.0,4.0.0)" callerrev="3.17.0"/>
				<caller organisation="org.eclipse.platform" name="org.eclipse.core.filesystem" conf="compile, runtime" rev="[3.2.0,4.0.0)" rev-constraint-default="[3.2.0,4.0.0)" rev-constraint-dynamic="[3.2.0,4.0.0)" callerrev="1.7.600"/>
				<artifacts>
					<artifact name="org.eclipse.osgi" type="jar" ext="jar" status="no" details="" size="1463810" time="0" location="H:\allSpace\repository\spongeboblz\lombok\ivyCache\org.eclipse.platform\org.eclipse.osgi\jars\org.eclipse.osgi-3.15.100.jar">
						<origin-location is-local="false" location="UNKNOWN"/>
					</artifact>
				</artifacts>
			</revision>
		</module>
		<module organisation="org.eclipse.jdt" name="ecj">
			<revision name="3.15.1" status="release" pubdate="20181030193828" resolver="maven-repo2" artresolver="maven-repo2" homepage="http://www.eclipse.org/jdt" downloaded="false" searched="false" default="false" conf="default, compile, runtime, master" position="19">
				<license name="Eclipse Public License" url="http://www.eclipse.org/legal/epl-v10.html"/>
				<metadata-artifact status="no" details="" size="2554" time="0" location="H:\allSpace\repository\spongeboblz\lombok\ivyCache\org.eclipse.jdt\ecj\ivy-3.15.1.xml" searched="false" original-local-location="H:\allSpace\repository\spongeboblz\lombok\ivyCache\org.eclipse.jdt\ecj\ivy-3.15.1.xml.original" origin-is-local="false" origin-location="https://repo1.maven.org/maven2/org/eclipse/jdt/ecj/3.15.1/ecj-3.15.1.pom"/>
				<caller organisation="projectlombok.org" name="lombok" conf="eclipseBuild, build, buildBase, javac6, netbeansBuild" rev="3.15.1" rev-constraint-default="3.15.1" rev-constraint-dynamic="3.15.1" callerrev="working@DESKTOP-E5VKVJF"/>
				<artifacts>
					<artifact name="ecj" type="jar" ext="jar" status="no" details="" size="2816020" time="0" location="H:\allSpace\repository\spongeboblz\lombok\ivyCache\org.eclipse.jdt\ecj\jars\ecj-3.15.1.jar">
						<origin-location is-local="false" location="https://repo1.maven.org/maven2/org/eclipse/jdt/ecj/3.15.1/ecj-3.15.1.jar"/>
					</artifact>
				</artifacts>
			</revision>
		</module>
		<module organisation="org.freemarker" name="freemarker">
			<revision name="2.3.28" status="release" pubdate="20180331052224" resolver="maven-repo2" artresolver="maven-repo2" homepage="https://freemarker.apache.org/" downloaded="false" searched="false" default="false" conf="default, compile, runtime, master" position="18">
				<license name="Apache License, Version 2.0" url="http://www.apache.org/licenses/LICENSE-2.0.txt"/>
				<metadata-artifact status="no" details="" size="3878" time="0" location="H:\allSpace\repository\spongeboblz\lombok\ivyCache\org.freemarker\freemarker\ivy-2.3.28.xml" searched="false" original-local-location="H:\allSpace\repository\spongeboblz\lombok\ivyCache\org.freemarker\freemarker\ivy-2.3.28.xml.original" origin-is-local="false" origin-location="https://repo1.maven.org/maven2/org/freemarker/freemarker/2.3.28/freemarker-2.3.28.pom"/>
				<caller organisation="projectlombok.org" name="lombok" conf="eclipseBuild, build, buildBase, javac6, netbeansBuild" rev="2.3.28" rev-constraint-default="2.3.28" rev-constraint-dynamic="2.3.28" callerrev="working@DESKTOP-E5VKVJF"/>
				<artifacts>
					<artifact name="freemarker" type="jar" ext="jar" status="no" details="" size="1524587" time="0" location="H:\allSpace\repository\spongeboblz\lombok\ivyCache\org.freemarker\freemarker\jars\freemarker-2.3.28.jar">
						<origin-location is-local="false" location="https://repo1.maven.org/maven2/org/freemarker/freemarker/2.3.28/freemarker-2.3.28.jar"/>
					</artifact>
				</artifacts>
			</revision>
		</module>
		<module organisation="de.java2html" name="java2html">
			<revision name="5.0" status="release" pubdate="20061020034132" resolver="maven-repo2" artresolver="maven-repo2" homepage="http://www.java2html.de" downloaded="false" searched="false" default="false" conf="default, compile, runtime, master" position="17">
				<license name="GPL" url="http://www.gnu.org/licenses/gpl.html"/>
				<metadata-artifact status="no" details="" size="2340" time="0" location="H:\allSpace\repository\spongeboblz\lombok\ivyCache\de.java2html\java2html\ivy-5.0.xml" searched="false" original-local-location="H:\allSpace\repository\spongeboblz\lombok\ivyCache\de.java2html\java2html\ivy-5.0.xml.original" origin-is-local="false" origin-location="https://repo1.maven.org/maven2/de/java2html/java2html/5.0/java2html-5.0.pom"/>
				<caller organisation="projectlombok.org" name="lombok" conf="eclipseBuild, build, buildBase, javac6, netbeansBuild" rev="5.0" rev-constraint-default="5.0" rev-constraint-dynamic="5.0" callerrev="working@DESKTOP-E5VKVJF"/>
				<artifacts>
					<artifact name="java2html" type="jar" ext="jar" status="no" details="" size="192282" time="0" location="H:\allSpace\repository\spongeboblz\lombok\ivyCache\de.java2html\java2html\jars\java2html-5.0.jar">
						<origin-location is-local="false" location="https://repo1.maven.org/maven2/de/java2html/java2html/5.0/java2html-5.0.jar"/>
					</artifact>
				</artifacts>
			</revision>
		</module>
		<module organisation="projectlombok.org" name="markdownj">
			<revision name="1.02b4" status="integration" pubdate="20100419062500" resolver="projectLocalRepo" artresolver="projectLocalRepo" homepage="https://github.com/myabc/markdownj" downloaded="false" searched="false" default="false" conf="build" position="16">
				<metadata-artifact status="no" details="" size="475" time="0" location="H:\allSpace\repository\spongeboblz\lombok\ivyCache\projectlombok.org\markdownj\ivy-1.02b4.xml" searched="false" original-local-location="H:\allSpace\repository\spongeboblz\lombok\buildScripts\ivy-repo\projectlombok.org-markdownj-1.02b4.xml" origin-is-local="true" origin-location="H:\allSpace\repository\spongeboblz\lombok\buildScripts\ivy-repo\projectlombok.org-markdownj-1.02b4.xml"/>
				<caller organisation="projectlombok.org" name="lombok" conf="eclipseBuild, build, buildBase, javac6, netbeansBuild" rev="1.02b4" rev-constraint-default="1.02b4" rev-constraint-dynamic="1.02b4" callerrev="working@DESKTOP-E5VKVJF"/>
				<artifacts>
					<artifact name="markdownj" type="jar" ext="jar" extra-0.url="https://projectlombok.org/ivyrepo/tools/markdownj-1.02b4-0.3.0.jar" status="no" details="" size="40987" time="0" location="H:\allSpace\repository\spongeboblz\lombok\ivyCache\projectlombok.org\markdownj\jars\markdownj-1.02b4.jar">
						<origin-location is-local="false" location="https://projectlombok.org/ivyrepo/tools/markdownj-1.02b4-0.3.0.jar"/>
					</artifact>
				</artifacts>
			</revision>
		</module>
		<module organisation="com.hierynomus" name="sshj">
			<revision name="0.26.0" status="release" pubdate="20180724202909" resolver="maven-repo2" artresolver="maven-repo2" homepage="https://github.com/hierynomus/sshj" downloaded="false" searched="false" default="false" conf="default, compile, runtime, master" position="10">
				<license name="Apache License 2.0" url="https://raw.githubusercontent.com/hierynomus/sshj/master/LICENSE"/>
				<metadata-artifact status="no" details="" size="3292" time="0" location="H:\allSpace\repository\spongeboblz\lombok\ivyCache\com.hierynomus\sshj\ivy-0.26.0.xml" searched="false" original-local-location="H:\allSpace\repository\spongeboblz\lombok\ivyCache\com.hierynomus\sshj\ivy-0.26.0.xml.original" origin-is-local="false" origin-location="https://repo1.maven.org/maven2/com/hierynomus/sshj/0.26.0/sshj-0.26.0.pom"/>
				<caller organisation="projectlombok.org" name="lombok" conf="eclipseBuild, build, buildBase, javac6, netbeansBuild" rev="0.26.0" rev-constraint-default="0.26.0" rev-constraint-dynamic="0.26.0" callerrev="working@DESKTOP-E5VKVJF"/>
				<artifacts>
					<artifact name="sshj" type="jar" ext="jar" status="no" details="" size="505298" time="0" location="H:\allSpace\repository\spongeboblz\lombok\ivyCache\com.hierynomus\sshj\jars\sshj-0.26.0.jar">
						<origin-location is-local="false" location="https://repo1.maven.org/maven2/com/hierynomus/sshj/0.26.0/sshj-0.26.0.jar"/>
					</artifact>
				</artifacts>
			</revision>
		</module>
		<module organisation="net.i2p.crypto" name="eddsa">
			<revision name="0.2.0" status="release" pubdate="20170403080245" resolver="maven-repo2" artresolver="maven-repo2" homepage="https://github.com/str4d/ed25519-java" downloaded="false" searched="false" default="false" conf="master(*), compile, runtime(*), runtime, compile(*), master" position="15">
				<license name="CC0 1.0 Universal" url="https://creativecommons.org/publicdomain/zero/1.0/"/>
				<metadata-artifact status="no" details="" size="3410" time="0" location="H:\allSpace\repository\spongeboblz\lombok\ivyCache\net.i2p.crypto\eddsa\ivy-0.2.0.xml" searched="false" original-local-location="H:\allSpace\repository\spongeboblz\lombok\ivyCache\net.i2p.crypto\eddsa\ivy-0.2.0.xml.original" origin-is-local="false" origin-location="https://repo1.maven.org/maven2/net/i2p/crypto/eddsa/0.2.0/eddsa-0.2.0.pom"/>
				<caller organisation="com.hierynomus" name="sshj" conf="default, compile, runtime, master" rev="0.2.0" rev-constraint-default="0.2.0" rev-constraint-dynamic="0.2.0" callerrev="0.26.0"/>
				<artifacts>
					<artifact name="eddsa" type="bundle" ext="jar" status="no" details="" size="62170" time="0" location="H:\allSpace\repository\spongeboblz\lombok\ivyCache\net.i2p.crypto\eddsa\bundles\eddsa-0.2.0.jar">
						<origin-location is-local="false" location="https://repo1.maven.org/maven2/net/i2p/crypto/eddsa/0.2.0/eddsa-0.2.0.jar"/>
					</artifact>
				</artifacts>
			</revision>
		</module>
		<module organisation="com.jcraft" name="jzlib">
			<revision name="1.1.3" status="release" pubdate="20131004155457" resolver="maven-repo2" artresolver="maven-repo2" homepage="http://www.jcraft.com/jzlib/" downloaded="false" searched="false" default="false" conf="master(*), compile, runtime(*), runtime, compile(*), master" position="14">
				<license name="BSD" url="http://www.jcraft.com/jzlib/LICENSE.txt"/>
				<metadata-artifact status="no" details="" size="3155" time="0" location="H:\allSpace\repository\spongeboblz\lombok\ivyCache\com.jcraft\jzlib\ivy-1.1.3.xml" searched="false" original-local-location="H:\allSpace\repository\spongeboblz\lombok\ivyCache\com.jcraft\jzlib\ivy-1.1.3.xml.original" origin-is-local="false" origin-location="https://repo1.maven.org/maven2/com/jcraft/jzlib/1.1.3/jzlib-1.1.3.pom"/>
				<caller organisation="com.hierynomus" name="sshj" conf="default, compile, runtime, master" rev="1.1.3" rev-constraint-default="1.1.3" rev-constraint-dynamic="1.1.3" callerrev="0.26.0"/>
				<artifacts>
					<artifact name="jzlib" type="jar" ext="jar" status="no" details="" size="71976" time="0" location="H:\allSpace\repository\spongeboblz\lombok\ivyCache\com.jcraft\jzlib\jars\jzlib-1.1.3.jar">
						<origin-location is-local="false" location="https://repo1.maven.org/maven2/com/jcraft/jzlib/1.1.3/jzlib-1.1.3.jar"/>
					</artifact>
				</artifacts>
			</revision>
		</module>
		<module organisation="org.bouncycastle" name="bcpkix-jdk15on">
			<revision name="1.60" status="release" pubdate="20180706082238" resolver="maven-repo2" artresolver="maven-repo2" homepage="http://www.bouncycastle.org/java.html" downloaded="false" searched="false" default="false" conf="master(*), compile, runtime(*), runtime, compile(*), master" position="13">
				<license name="Bouncy Castle Licence" url="http://www.bouncycastle.org/licence.html"/>
				<metadata-artifact status="no" details="" size="3026" time="0" location="H:\allSpace\repository\spongeboblz\lombok\ivyCache\org.bouncycastle\bcpkix-jdk15on\ivy-1.60.xml" searched="false" original-local-location="H:\allSpace\repository\spongeboblz\lombok\ivyCache\org.bouncycastle\bcpkix-jdk15on\ivy-1.60.xml.original" origin-is-local="false" origin-location="https://repo1.maven.org/maven2/org/bouncycastle/bcpkix-jdk15on/1.60/bcpkix-jdk15on-1.60.pom"/>
				<caller organisation="com.hierynomus" name="sshj" conf="default, compile, runtime, master" rev="1.60" rev-constraint-default="1.60" rev-constraint-dynamic="1.60" callerrev="0.26.0"/>
				<artifacts>
					<artifact name="bcpkix-jdk15on" type="jar" ext="jar" status="no" details="" size="796532" time="0" location="H:\allSpace\repository\spongeboblz\lombok\ivyCache\org.bouncycastle\bcpkix-jdk15on\jars\bcpkix-jdk15on-1.60.jar">
						<origin-location is-local="false" location="https://repo1.maven.org/maven2/org/bouncycastle/bcpkix-jdk15on/1.60/bcpkix-jdk15on-1.60.jar"/>
					</artifact>
				</artifacts>
			</revision>
		</module>
		<module organisation="org.bouncycastle" name="bcprov-jdk15on">
			<revision name="1.60" status="release" pubdate="20180706081943" resolver="maven-repo2" artresolver="maven-repo2" homepage="http://www.bouncycastle.org/java.html" downloaded="false" searched="false" default="false" conf="master(*), compile, runtime(*), runtime, compile(*), master" position="12">
				<license name="Bouncy Castle Licence" url="http://www.bouncycastle.org/licence.html"/>
				<metadata-artifact status="no" details="" size="2778" time="0" location="H:\allSpace\repository\spongeboblz\lombok\ivyCache\org.bouncycastle\bcprov-jdk15on\ivy-1.60.xml" searched="false" original-local-location="H:\allSpace\repository\spongeboblz\lombok\ivyCache\org.bouncycastle\bcprov-jdk15on\ivy-1.60.xml.original" origin-is-local="false" origin-location="https://repo1.maven.org/maven2/org/bouncycastle/bcprov-jdk15on/1.60/bcprov-jdk15on-1.60.pom"/>
				<caller organisation="org.bouncycastle" name="bcpkix-jdk15on" conf="compile, runtime" rev="1.60" rev-constraint-default="1.60" rev-constraint-dynamic="1.60" callerrev="1.60"/>
				<caller organisation="com.hierynomus" name="sshj" conf="default, compile, runtime, master" rev="1.60" rev-constraint-default="1.60" rev-constraint-dynamic="1.60" callerrev="0.26.0"/>
				<artifacts>
					<artifact name="bcprov-jdk15on" type="jar" ext="jar" status="no" details="" size="4189874" time="0" location="H:\allSpace\repository\spongeboblz\lombok\ivyCache\org.bouncycastle\bcprov-jdk15on\jars\bcprov-jdk15on-1.60.jar">
						<origin-location is-local="false" location="https://repo1.maven.org/maven2/org/bouncycastle/bcprov-jdk15on/1.60/bcprov-jdk15on-1.60.jar"/>
					</artifact>
				</artifacts>
			</revision>
		</module>
		<module organisation="org.slf4j" name="slf4j-api">
			<revision name="1.7.7" status="release" pubdate="20140404191248" resolver="maven-repo2" artresolver="maven-repo2" homepage="http://www.slf4j.org" downloaded="false" searched="false" default="false" conf="master(*), compile, runtime(*), runtime, compile(*), master" position="11">
				<metadata-artifact status="no" details="" size="4802" time="0" location="H:\allSpace\repository\spongeboblz\lombok\ivyCache\org.slf4j\slf4j-api\ivy-1.7.7.xml" searched="false" original-local-location="H:\allSpace\repository\spongeboblz\lombok\ivyCache\org.slf4j\slf4j-api\ivy-1.7.7.xml.original" origin-is-local="false" origin-location="https://repo1.maven.org/maven2/org/slf4j/slf4j-api/1.7.7/slf4j-api-1.7.7.pom"/>
				<caller organisation="com.hierynomus" name="sshj" conf="default, compile, runtime, master" rev="1.7.7" rev-constraint-default="1.7.7" rev-constraint-dynamic="1.7.7" callerrev="0.26.0"/>
				<artifacts>
					<artifact name="slf4j-api" type="jar" ext="jar" status="no" details="" size="29257" time="0" location="H:\allSpace\repository\spongeboblz\lombok\ivyCache\org.slf4j\slf4j-api\jars\slf4j-api-1.7.7.jar">
						<origin-location is-local="false" location="https://repo1.maven.org/maven2/org/slf4j/slf4j-api/1.7.7/slf4j-api-1.7.7.jar"/>
					</artifact>
				</artifacts>
			</revision>
		</module>
		<module organisation="projectlombok.org" name="spi">
			<revision name="0.2.7" status="integration" pubdate="20130910135600" resolver="projectLocalRepo" artresolver="projectLocalRepo" homepage="http://code.google.com/p/spi/" downloaded="false" searched="false" default="false" conf="build" position="9">
				<license name="Apache License v2.0" url="http://www.apache.org/licenses/LICENSE-2.0"/>
				<metadata-artifact status="no" details="" size="539" time="0" location="H:\allSpace\repository\spongeboblz\lombok\ivyCache\projectlombok.org\spi\ivy-0.2.7.xml" searched="false" original-local-location="H:\allSpace\repository\spongeboblz\lombok\buildScripts\ivy-repo\projectlombok.org-spi-0.2.7.xml" origin-is-local="true" origin-location="H:\allSpace\repository\spongeboblz\lombok\buildScripts\ivy-repo\projectlombok.org-spi-0.2.7.xml"/>
				<caller organisation="projectlombok.org" name="lombok" conf="eclipseBuild, build, buildBase, javac6, netbeansBuild" rev="0.2.7" rev-constraint-default="0.2.7" rev-constraint-dynamic="0.2.7" callerrev="working@DESKTOP-E5VKVJF"/>
				<artifacts>
					<artifact name="spi" type="jar" ext="jar" extra-0.url="https://projectlombok.org/ivyrepo/tools/spi-0.2.7.jar" status="no" details="" size="26888" time="0" location="H:\allSpace\repository\spongeboblz\lombok\ivyCache\projectlombok.org\spi\jars\spi-0.2.7.jar">
						<origin-location is-local="false" location="UNKNOWN"/>
					</artifact>
				</artifacts>
			</revision>
		</module>
		<module organisation="org.apache.ant" name="ant">
			<revision name="1.10.5" status="release" pubdate="20180710125403" resolver="maven-repo2" artresolver="maven-repo2" homepage="http://ant.apache.org/" downloaded="false" searched="false" default="false" conf="default, compile, runtime, master" position="7">
				<metadata-artifact status="no" details="" size="3623" time="0" location="H:\allSpace\repository\spongeboblz\lombok\ivyCache\org.apache.ant\ant\ivy-1.10.5.xml" searched="false" original-local-location="H:\allSpace\repository\spongeboblz\lombok\ivyCache\org.apache.ant\ant\ivy-1.10.5.xml.original" origin-is-local="false" origin-location="https://repo1.maven.org/maven2/org/apache/ant/ant/1.10.5/ant-1.10.5.pom"/>
				<caller organisation="projectlombok.org" name="lombok" conf="eclipseBuild, build, buildBase, javac6, netbeansBuild" rev="1.10.5" rev-constraint-default="1.10.5" rev-constraint-dynamic="1.10.5" callerrev="working@DESKTOP-E5VKVJF"/>
				<artifacts>
					<artifact name="ant" type="jar" ext="jar" status="no" details="" size="2216652" time="0" location="H:\allSpace\repository\spongeboblz\lombok\ivyCache\org.apache.ant\ant\jars\ant-1.10.5.jar">
						<origin-location is-local="false" location="https://repo1.maven.org/maven2/org/apache/ant/ant/1.10.5/ant-1.10.5.jar"/>
					</artifact>
				</artifacts>
			</revision>
		</module>
		<module organisation="org.apache.ant" name="ant-launcher">
			<revision name="1.10.5" status="release" pubdate="20180710125752" resolver="maven-repo2" artresolver="maven-repo2" homepage="http://ant.apache.org/" downloaded="false" searched="false" default="false" conf="master(*), compile, runtime(*), runtime, compile(*), master" position="8">
				<metadata-artifact status="no" details="" size="2670" time="0" location="H:\allSpace\repository\spongeboblz\lombok\ivyCache\org.apache.ant\ant-launcher\ivy-1.10.5.xml" searched="false" original-local-location="H:\allSpace\repository\spongeboblz\lombok\ivyCache\org.apache.ant\ant-launcher\ivy-1.10.5.xml.original" origin-is-local="false" origin-location="https://repo1.maven.org/maven2/org/apache/ant/ant-launcher/1.10.5/ant-launcher-1.10.5.pom"/>
				<caller organisation="org.apache.ant" name="ant" conf="default, compile, runtime, master" rev="1.10.5" rev-constraint-default="1.10.5" rev-constraint-dynamic="1.10.5" callerrev="1.10.5"/>
				<artifacts>
					<artifact name="ant-launcher" type="jar" ext="jar" status="no" details="" size="18827" time="0" location="H:\allSpace\repository\spongeboblz\lombok\ivyCache\org.apache.ant\ant-launcher\jars\ant-launcher-1.10.5.jar">
						<origin-location is-local="false" location="https://repo1.maven.org/maven2/org/apache/ant/ant-launcher/1.10.5/ant-launcher-1.10.5.jar"/>
					</artifact>
				</artifacts>
			</revision>
		</module>
		<module organisation="zwitserloot.com" name="cmdreader">
			<revision name="1.2" status="integration" pubdate="20100210120000" resolver="projectLocalRepo" artresolver="projectLocalRepo" homepage="http://github.com/rzwitserloot/com.zwitserloot.cmdreader" downloaded="false" searched="false" default="false" conf="runtime" position="6">
				<license name="MIT License" url="http://www.opensource.org/licenses/mit-license.php"/>
				<metadata-artifact status="no" details="" size="806" time="0" location="H:\allSpace\repository\spongeboblz\lombok\ivyCache\zwitserloot.com\cmdreader\ivy-1.2.xml" searched="false" original-local-location="H:\allSpace\repository\spongeboblz\lombok\buildScripts\ivy-repo\zwitserloot.com-cmdreader-1.2.xml" origin-is-local="true" origin-location="H:\allSpace\repository\spongeboblz\lombok\buildScripts\ivy-repo\zwitserloot.com-cmdreader-1.2.xml"/>
				<caller organisation="projectlombok.org" name="lombok" conf="eclipseBuild, build, buildBase, javac6, netbeansBuild" rev="1.2" rev-constraint-default="1.2" rev-constraint-dynamic="1.2" callerrev="working@DESKTOP-E5VKVJF"/>
				<artifacts>
					<artifact name="cmdreader" type="jar" ext="jar" extra-0.url="https://projectlombok.org/ivyrepo/tools/com.zwitserloot.cmdreader-1.2.jar" status="no" details="" size="19082" time="0" location="H:\allSpace\repository\spongeboblz\lombok\ivyCache\zwitserloot.com\cmdreader\jars\cmdreader-1.2.jar">
						<origin-location is-local="false" location="https://projectlombok.org/ivyrepo/tools/com.zwitserloot.cmdreader-1.2.jar"/>
					</artifact>
				</artifacts>
			</revision>
		</module>
		<module organisation="org.projectlombok" name="lombok.patcher">
			<revision name="0.34" status="integration" pubdate="20190925010000" resolver="projectLocalRepo" artresolver="projectLocalRepo" homepage="https://projectlombok.org/" downloaded="false" searched="false" default="false" conf="default" position="5">
				<license name="MIT License" url="https://www.opensource.org/licenses/mit-license.php"/>
				<metadata-artifact status="no" details="" size="695" time="0" location="H:\allSpace\repository\spongeboblz\lombok\ivyCache\org.projectlombok\lombok.patcher\ivy-0.34.xml" searched="false" original-local-location="H:\allSpace\repository\spongeboblz\lombok\buildScripts\ivy-repo\org.projectlombok-lombok.patcher-0.34.xml" origin-is-local="true" origin-location="H:\allSpace\repository\spongeboblz\lombok\buildScripts\ivy-repo\org.projectlombok-lombok.patcher-0.34.xml"/>
				<caller organisation="projectlombok.org" name="lombok" conf="eclipseBuild, build, buildBase, javac6, netbeansBuild" rev="0.34" rev-constraint-default="0.34" rev-constraint-dynamic="0.34" callerrev="working@DESKTOP-E5VKVJF"/>
				<artifacts>
					<artifact name="lombok.patcher" type="jar" ext="jar" extra-0.url="https://projectlombok.org/downloads/lombok.patcher-0.34.jar" status="no" details="" size="342477" time="0" location="H:\allSpace\repository\spongeboblz\lombok\ivyCache\org.projectlombok\lombok.patcher\jars\lombok.patcher-0.34.jar">
						<origin-location is-local="false" location="https://projectlombok.org/downloads/lombok.patcher-0.34.jar"/>
					</artifact>
				</artifacts>
			</revision>
		</module>
		<module organisation="net.java.openjdk.custom" name="javac6">
			<revision name="1.6.0.18" status="integration" pubdate="20100225011200" resolver="projectLocalRepo" artresolver="projectLocalRepo" homepage="http://openjdk.java.net/" downloaded="false" searched="false" default="false" conf="runtime" position="4">
				<license name="GNU General Public License v2 with Classpath Exception" url="http://openjdk.java.net/legal/gplv2+ce.html"/>
				<metadata-artifact status="no" details="" size="737" time="0" location="H:\allSpace\repository\spongeboblz\lombok\ivyCache\net.java.openjdk.custom\javac6\ivy-1.6.0.18.xml" searched="false" original-local-location="H:\allSpace\repository\spongeboblz\lombok\buildScripts\ivy-repo\net.java.openjdk.custom-javac6-1.6.0.18.xml" origin-is-local="true" origin-location="H:\allSpace\repository\spongeboblz\lombok\buildScripts\ivy-repo\net.java.openjdk.custom-javac6-1.6.0.18.xml"/>
				<caller organisation="projectlombok.org" name="lombok" conf="eclipseBuild, build, buildBase, javac6, netbeansBuild" rev="1.6.0.18" rev-constraint-default="1.6.0.18" rev-constraint-dynamic="1.6.0.18" callerrev="working@DESKTOP-E5VKVJF"/>
				<artifacts>
					<artifact name="javac6" type="jar" ext="jar" extra-0.url="https://projectlombok.org/ivyrepo/langtools/javac-1.6.0.18.jar" status="no" details="" size="1064637" time="0" location="H:\allSpace\repository\spongeboblz\lombok\ivyCache\net.java.openjdk.custom\javac6\jars\javac6-1.6.0.18.jar">
						<origin-location is-local="false" location="https://projectlombok.org/ivyrepo/langtools/javac-1.6.0.18.jar"/>
					</artifact>
				</artifacts>
			</revision>
		</module>
		<module organisation="netbeans.org" name="modules.java.source">
			<revision name="6.8beta" status="integration" pubdate="20100419062500" resolver="projectLocalRepo" artresolver="projectLocalRepo" homepage="http://www.netbeans.org/" downloaded="false" searched="false" default="false" conf="build" position="3">
				<license name="CDDL 1.0 / GPL 2.0" url="http://netbeans.org/cddl-gplv2.html"/>
				<metadata-artifact status="no" details="" size="573" time="0" location="H:\allSpace\repository\spongeboblz\lombok\ivyCache\netbeans.org\modules.java.source\ivy-6.8beta.xml" searched="false" original-local-location="H:\allSpace\repository\spongeboblz\lombok\buildScripts\ivy-repo\netbeans.org-modules.java.source-6.8beta.xml" origin-is-local="true" origin-location="H:\allSpace\repository\spongeboblz\lombok\buildScripts\ivy-repo\netbeans.org-modules.java.source-6.8beta.xml"/>
				<caller organisation="projectlombok.org" name="lombok" conf="eclipseBuild, build, buildBase, javac6, netbeansBuild" rev="6.8beta" rev-constraint-default="6.8beta" rev-constraint-dynamic="6.8beta" callerrev="working@DESKTOP-E5VKVJF"/>
				<artifacts>
					<artifact name="modules.java.source" type="jar" ext="jar" extra-0.url="https://projectlombok.org/ivyrepo/netbeans/org-netbeans-modules-java-source_6.8beta.jar" status="no" details="" size="2155618" time="0" location="H:\allSpace\repository\spongeboblz\lombok\ivyCache\netbeans.org\modules.java.source\jars\modules.java.source-6.8beta.jar">
						<origin-location is-local="false" location="https://projectlombok.org/ivyrepo/netbeans/org-netbeans-modules-java-source_6.8beta.jar"/>
					</artifact>
				</artifacts>
			</revision>
		</module>
		<module organisation="netbeans.org" name="openide.util">
			<revision name="6.8beta" status="integration" pubdate="20100419062500" resolver="projectLocalRepo" artresolver="projectLocalRepo" homepage="http://www.netbeans.org/" downloaded="false" searched="false" default="false" conf="build" position="2">
				<license name="CDDL 1.0 / GPL 2.0" url="http://netbeans.org/cddl-gplv2.html"/>
				<metadata-artifact status="no" details="" size="550" time="0" location="H:\allSpace\repository\spongeboblz\lombok\ivyCache\netbeans.org\openide.util\ivy-6.8beta.xml" searched="false" original-local-location="H:\allSpace\repository\spongeboblz\lombok\buildScripts\ivy-repo\netbeans.org-openide.util-6.8beta.xml" origin-is-local="true" origin-location="H:\allSpace\repository\spongeboblz\lombok\buildScripts\ivy-repo\netbeans.org-openide.util-6.8beta.xml"/>
				<caller organisation="projectlombok.org" name="lombok" conf="eclipseBuild, build, buildBase, javac6, netbeansBuild" rev="6.8beta" rev-constraint-default="6.8beta" rev-constraint-dynamic="6.8beta" callerrev="working@DESKTOP-E5VKVJF"/>
				<artifacts>
					<artifact name="openide.util" type="jar" ext="jar" extra-0.url="https://projectlombok.org/ivyrepo/netbeans/org-openide-util_6.8beta.jar" status="no" details="" size="645380" time="0" location="H:\allSpace\repository\spongeboblz\lombok\ivyCache\netbeans.org\openide.util\jars\openide.util-6.8beta.jar">
						<origin-location is-local="false" location="https://projectlombok.org/ivyrepo/netbeans/org-openide-util_6.8beta.jar"/>
					</artifact>
				</artifacts>
			</revision>
		</module>
		<module organisation="netbeans.org" name="openide.modules">
			<revision name="6.8beta" status="integration" pubdate="20100419062500" resolver="projectLocalRepo" artresolver="projectLocalRepo" homepage="http://www.netbeans.org/" downloaded="false" searched="false" default="false" conf="build" position="1">
				<license name="CDDL 1.0 / GPL 2.0" url="http://netbeans.org/cddl-gplv2.html"/>
				<metadata-artifact status="no" details="" size="556" time="0" location="H:\allSpace\repository\spongeboblz\lombok\ivyCache\netbeans.org\openide.modules\ivy-6.8beta.xml" searched="false" original-local-location="H:\allSpace\repository\spongeboblz\lombok\buildScripts\ivy-repo\netbeans.org-openide.modules-6.8beta.xml" origin-is-local="true" origin-location="H:\allSpace\repository\spongeboblz\lombok\buildScripts\ivy-repo\netbeans.org-openide.modules-6.8beta.xml"/>
				<caller organisation="projectlombok.org" name="lombok" conf="eclipseBuild, build, buildBase, javac6, netbeansBuild" rev="6.8beta" rev-constraint-default="6.8beta" rev-constraint-dynamic="6.8beta" callerrev="working@DESKTOP-E5VKVJF"/>
				<artifacts>
					<artifact name="openide.modules" type="jar" ext="jar" extra-0.url="https://projectlombok.org/ivyrepo/netbeans/org-openide-modules_6.8beta.jar" status="no" details="" size="28722" time="0" location="H:\allSpace\repository\spongeboblz\lombok\ivyCache\netbeans.org\openide.modules\jars\openide.modules-6.8beta.jar">
						<origin-location is-local="false" location="https://projectlombok.org/ivyrepo/netbeans/org-openide-modules_6.8beta.jar"/>
					</artifact>
				</artifacts>
			</revision>
		</module>
		<module organisation="netbeans.org" name="boot">
			<revision name="6.8beta" status="integration" pubdate="20100419062500" resolver="projectLocalRepo" artresolver="projectLocalRepo" homepage="http://www.netbeans.org/" downloaded="false" searched="false" default="false" conf="build" position="0">
				<license name="CDDL 1.0 / GPL 2.0" url="http://netbeans.org/cddl-gplv2.html"/>
				<metadata-artifact status="no" details="" size="530" time="0" location="H:\allSpace\repository\spongeboblz\lombok\ivyCache\netbeans.org\boot\ivy-6.8beta.xml" searched="false" original-local-location="H:\allSpace\repository\spongeboblz\lombok\buildScripts\ivy-repo\netbeans.org-boot-6.8beta.xml" origin-is-local="true" origin-location="H:\allSpace\repository\spongeboblz\lombok\buildScripts\ivy-repo\netbeans.org-boot-6.8beta.xml"/>
				<caller organisation="projectlombok.org" name="lombok" conf="eclipseBuild, build, buildBase, javac6, netbeansBuild" rev="6.8beta" rev-constraint-default="6.8beta" rev-constraint-dynamic="6.8beta" callerrev="working@DESKTOP-E5VKVJF"/>
				<artifacts>
					<artifact name="boot" type="jar" ext="jar" extra-0.url="https://projectlombok.org/ivyrepo/netbeans/boot_6.8beta.jar" status="no" details="" size="263129" time="0" location="H:\allSpace\repository\spongeboblz\lombok\ivyCache\netbeans.org\boot\jars\boot-6.8beta.jar">
						<origin-location is-local="false" location="https://projectlombok.org/ivyrepo/netbeans/boot_6.8beta.jar"/>
					</artifact>
				</artifacts>
			</revision>
		</module>
	</dependencies>
</ivy-report>
