<?xml version="1.0" encoding="UTF-8"?>
<?xml-stylesheet type="text/xsl" href="ivy-report.xsl"?>
<ivy-report version="1.0">
	<info
		organisation="projectlombok.org"
		module="lombok"
		revision="working@DESKTOP-E5VKVJF"

		conf="javac7"
		confs="build, javac7, moduleBuild"
		date="20191226005048"/>
	<dependencies>
		<module organisation="net.java.openjdk.custom" name="javac7">
			<revision name="1.7.0" status="integration" pubdate="20110811230000" resolver="projectLocalRepo" artresolver="projectLocalRepo" homepage="http://openjdk.java.net/" downloaded="false" searched="false" default="false" conf="runtime" position="0">
				<license name="GNU General Public License v2 with Classpath Exception" url="http://openjdk.java.net/legal/gplv2+ce.html"/>
				<metadata-artifact status="no" details="" size="728" time="0" location="H:\allSpace\repository\spongeboblz\lombok\ivyCache\net.java.openjdk.custom\javac7\ivy-1.7.0.xml" searched="false" original-local-location="H:\allSpace\repository\spongeboblz\lombok\buildScripts\ivy-repo\net.java.openjdk.custom-javac7-1.7.0.xml" origin-is-local="true" origin-location="H:\allSpace\repository\spongeboblz\lombok\buildScripts\ivy-repo\net.java.openjdk.custom-javac7-1.7.0.xml"/>
				<caller organisation="projectlombok.org" name="lombok" conf="javac7" rev="1.7.0" rev-constraint-default="1.7.0" rev-constraint-dynamic="1.7.0" callerrev="working@DESKTOP-E5VKVJF"/>
				<artifacts>
					<artifact name="javac7" type="jar" ext="jar" extra-0.url="https://projectlombok.org/ivyrepo/langtools/javac-1.7.0.jar" status="no" details="" size="2395426" time="0" location="H:\allSpace\repository\spongeboblz\lombok\ivyCache\net.java.openjdk.custom\javac7\jars\javac7-1.7.0.jar">
						<origin-location is-local="false" location="https://projectlombok.org/ivyrepo/langtools/javac-1.7.0.jar"/>
					</artifact>
				</artifacts>
			</revision>
		</module>
	</dependencies>
</ivy-report>
