<?xml version="1.0" encoding="UTF-8"?>
<ivy-module version="2.0" xmlns:m="http://ant.apache.org/ivy/maven">
	<info organisation="org.mapstruct"
		module="mapstruct-parent"
		revision="1.3.0.Beta1"
		status="release"
		publication="20180716015639"
	>
		<license name="The Apache Software License, Version 2.0" url="http://www.apache.org/licenses/LICENSE-2.0.txt" />
		<description homepage="http://mapstruct.org/">
		An annotation processor for generating type-safe bean mappers
		</description>
		<m:properties__org.springframework.version>4.0.3.RELEASE</m:properties__org.springframework.version>
		<m:properties__com.puppycrawl.tools.checkstyle.version>7.2</m:properties__com.puppycrawl.tools.checkstyle.version>
		<m:properties__add.release.arguments/>
		<m:properties__org.apache.maven.plugins.surefire.version>2.19.1</m:properties__org.apache.maven.plugins.surefire.version>
		<m:properties__org.apache.maven.plugins.enforcer.version>1.2</m:properties__org.apache.maven.plugins.enforcer.version>
		<m:properties__org.eclipse.tycho.compiler-jdt.version>0.26.0</m:properties__org.eclipse.tycho.compiler-jdt.version>
		<m:properties__project.build.sourceEncoding>UTF-8</m:properties__project.build.sourceEncoding>
		<m:properties__assertj.version>3.7.0</m:properties__assertj.version>
		<m:properties__org.apache.maven.plugins.javadoc.version>3.0.0-M1</m:properties__org.apache.maven.plugins.javadoc.version>
		<m:properties__forkCount>1</m:properties__forkCount>
		<m:properties__com.jolira.hickory.version>1.0.0</m:properties__com.jolira.hickory.version>
		<m:dependency.management__org.freemarker__freemarker__version>2.3.21</m:dependency.management__org.freemarker__freemarker__version>
		<m:dependency.management__org.assertj__assertj-core__version>3.7.0</m:dependency.management__org.assertj__assertj-core__version>
		<m:dependency.management__com.google.guava__guava__version>19.0</m:dependency.management__com.google.guava__guava__version>
		<m:dependency.management__com.jolira__hickory__version>1.0.0</m:dependency.management__com.jolira__hickory__version>
		<m:dependency.management__junit__junit__version>4.12</m:dependency.management__junit__junit__version>
		<m:dependency.management__com.puppycrawl.tools__checkstyle__version>7.2</m:dependency.management__com.puppycrawl.tools__checkstyle__version>
		<m:dependency.management__javax.enterprise__cdi-api__version>1.2</m:dependency.management__javax.enterprise__cdi-api__version>
		<m:dependency.management__javax.inject__javax.inject__version>1</m:dependency.management__javax.inject__javax.inject__version>
		<m:dependency.management__org.jboss.shrinkwrap.descriptors__shrinkwrap-descriptors-impl-jboss__version>2.0.0-alpha-3</m:dependency.management__org.jboss.shrinkwrap.descriptors__shrinkwrap-descriptors-impl-jboss__version>
		<m:dependency.management__org.jboss.arquillian.core__arquillian-core-impl-base__version>1.0.2.Final</m:dependency.management__org.jboss.arquillian.core__arquillian-core-impl-base__version>
		<m:dependency.management__org.jboss.arquillian.testng__arquillian-testng-standalone__version>1.0.2.Final</m:dependency.management__org.jboss.arquillian.testng__arquillian-testng-standalone__version>
		<m:dependency.management__org.jboss.arquillian.config__arquillian-config-api__version>1.0.2.Final</m:dependency.management__org.jboss.arquillian.config__arquillian-config-api__version>
		<m:dependency.management__org.jboss.arquillian.test__arquillian-test-api__version>1.0.2.Final</m:dependency.management__org.jboss.arquillian.test__arquillian-test-api__version>
		<m:dependency.management__org.jboss.arquillian.protocol__arquillian-protocol-servlet__version>1.0.2.Final</m:dependency.management__org.jboss.arquillian.protocol__arquillian-protocol-servlet__version>
		<m:dependency.management__org.jboss.arquillian.testenricher__arquillian-testenricher-cdi__version>1.0.2.Final</m:dependency.management__org.jboss.arquillian.testenricher__arquillian-testenricher-cdi__version>
		<m:dependency.management__org.jboss.shrinkwrap.descriptors__shrinkwrap-descriptors-spi__version>2.0.0-alpha-3</m:dependency.management__org.jboss.shrinkwrap.descriptors__shrinkwrap-descriptors-spi__version>
		<m:dependency.management__org.jboss.arquillian.container__arquillian-container-test-impl-base__version>1.0.2.Final</m:dependency.management__org.jboss.arquillian.container__arquillian-container-test-impl-base__version>
		<m:dependency.management__org.jboss.shrinkwrap__shrinkwrap-impl-base__version>1.0.1</m:dependency.management__org.jboss.shrinkwrap__shrinkwrap-impl-base__version>
		<m:dependency.management__org.jboss.shrinkwrap.descriptors__shrinkwrap-descriptors-api-jboss__version>2.0.0-alpha-3</m:dependency.management__org.jboss.shrinkwrap.descriptors__shrinkwrap-descriptors-api-jboss__version>
		<m:dependency.management__org.jboss.arquillian.junit__arquillian-junit-standalone__version>1.0.2.Final</m:dependency.management__org.jboss.arquillian.junit__arquillian-junit-standalone__version>
		<m:dependency.management__org.jboss.shrinkwrap.descriptors__shrinkwrap-descriptors-impl-javaee__version>2.0.0-alpha-3</m:dependency.management__org.jboss.shrinkwrap.descriptors__shrinkwrap-descriptors-impl-javaee__version>
		<m:dependency.management__org.jboss.arquillian.container__arquillian-container-impl-base__version>1.0.2.Final</m:dependency.management__org.jboss.arquillian.container__arquillian-container-impl-base__version>
		<m:dependency.management__org.jboss.arquillian.config__arquillian-config-impl-base__version>1.0.2.Final</m:dependency.management__org.jboss.arquillian.config__arquillian-config-impl-base__version>
		<m:dependency.management__org.jboss.shrinkwrap.resolver__shrinkwrap-resolver-impl-maven__version>1.0.0-beta-7</m:dependency.management__org.jboss.shrinkwrap.resolver__shrinkwrap-resolver-impl-maven__version>
		<m:dependency.management__org.jboss.shrinkwrap__shrinkwrap-spi__version>1.0.1</m:dependency.management__org.jboss.shrinkwrap__shrinkwrap-spi__version>
		<m:dependency.management__org.jboss.arquillian.testenricher__arquillian-testenricher-initialcontext__version>1.0.2.Final</m:dependency.management__org.jboss.arquillian.testenricher__arquillian-testenricher-initialcontext__version>
		<m:dependency.management__org.jboss.arquillian.core__arquillian-core-spi__version>1.0.2.Final</m:dependency.management__org.jboss.arquillian.core__arquillian-core-spi__version>
		<m:dependency.management__org.jboss.shrinkwrap.descriptors__shrinkwrap-descriptors-impl-base__version>2.0.0-alpha-3</m:dependency.management__org.jboss.shrinkwrap.descriptors__shrinkwrap-descriptors-impl-base__version>
		<m:dependency.management__org.jboss.arquillian.protocol__arquillian-protocol-jmx__version>1.0.2.Final</m:dependency.management__org.jboss.arquillian.protocol__arquillian-protocol-jmx__version>
		<m:dependency.management__org.jboss.arquillian.junit__arquillian-junit-core__version>1.0.2.Final</m:dependency.management__org.jboss.arquillian.junit__arquillian-junit-core__version>
		<m:dependency.management__org.jboss.arquillian.testng__arquillian-testng-container__version>1.0.2.Final</m:dependency.management__org.jboss.arquillian.testng__arquillian-testng-container__version>
		<m:dependency.management__org.jboss.shrinkwrap.descriptors__shrinkwrap-descriptors-gen__version>2.0.0-alpha-3</m:dependency.management__org.jboss.shrinkwrap.descriptors__shrinkwrap-descriptors-gen__version>
		<m:dependency.management__org.jboss.shrinkwrap.resolver__shrinkwrap-resolver-api__version>1.0.0-beta-7</m:dependency.management__org.jboss.shrinkwrap.resolver__shrinkwrap-resolver-api__version>
		<m:dependency.management__org.jboss.arquillian.testenricher__arquillian-testenricher-resource__version>1.0.2.Final</m:dependency.management__org.jboss.arquillian.testenricher__arquillian-testenricher-resource__version>
		<m:dependency.management__org.jboss.arquillian.testng__arquillian-testng-core__version>1.0.2.Final</m:dependency.management__org.jboss.arquillian.testng__arquillian-testng-core__version>
		<m:dependency.management__org.jboss.shrinkwrap.descriptors__shrinkwrap-descriptors-api-javaee__version>2.0.0-alpha-3</m:dependency.management__org.jboss.shrinkwrap.descriptors__shrinkwrap-descriptors-api-javaee__version>
		<m:dependency.management__org.jboss.arquillian.container__arquillian-container-test-api__version>1.0.2.Final</m:dependency.management__org.jboss.arquillian.container__arquillian-container-test-api__version>
		<m:dependency.management__org.jboss.arquillian.core__arquillian-core-api__version>1.0.2.Final</m:dependency.management__org.jboss.arquillian.core__arquillian-core-api__version>
		<m:dependency.management__org.jboss.shrinkwrap__shrinkwrap-api__version>1.0.1</m:dependency.management__org.jboss.shrinkwrap__shrinkwrap-api__version>
		<m:dependency.management__org.jboss.shrinkwrap.resolver__shrinkwrap-resolver-api-maven__version>1.0.0-beta-7</m:dependency.management__org.jboss.shrinkwrap.resolver__shrinkwrap-resolver-api-maven__version>
		<m:dependency.management__org.jboss.arquillian.config__arquillian-config-spi__version>1.0.2.Final</m:dependency.management__org.jboss.arquillian.config__arquillian-config-spi__version>
		<m:dependency.management__org.jboss.arquillian.test__arquillian-test-spi__version>1.0.2.Final</m:dependency.management__org.jboss.arquillian.test__arquillian-test-spi__version>
		<m:dependency.management__org.jboss.arquillian.test__arquillian-test-impl-base__version>1.0.2.Final</m:dependency.management__org.jboss.arquillian.test__arquillian-test-impl-base__version>
		<m:dependency.management__org.jboss.shrinkwrap.descriptors__shrinkwrap-descriptors-api-base__version>2.0.0-alpha-3</m:dependency.management__org.jboss.shrinkwrap.descriptors__shrinkwrap-descriptors-api-base__version>
		<m:dependency.management__org.jboss.arquillian.testenricher__arquillian-testenricher-ejb__version>1.0.2.Final</m:dependency.management__org.jboss.arquillian.testenricher__arquillian-testenricher-ejb__version>
		<m:dependency.management__org.jboss.arquillian.junit__arquillian-junit-container__version>1.0.2.Final</m:dependency.management__org.jboss.arquillian.junit__arquillian-junit-container__version>
		<m:dependency.management__org.jboss.arquillian.container__arquillian-container-test-spi__version>1.0.2.Final</m:dependency.management__org.jboss.arquillian.container__arquillian-container-test-spi__version>
		<m:dependency.management__org.jboss.arquillian.container__arquillian-container-spi__version>1.0.2.Final</m:dependency.management__org.jboss.arquillian.container__arquillian-container-spi__version>
		<m:dependency.management__org.jboss.arquillian.container__arquillian-weld-se-embedded-1.1__version>1.0.0.CR7</m:dependency.management__org.jboss.arquillian.container__arquillian-weld-se-embedded-1.1__version>
		<m:dependency.management__org.jboss.weld__weld-core__version>2.3.2.Final</m:dependency.management__org.jboss.weld__weld-core__version>
		<m:dependency.management__org.glassfish__javax.el__version>3.0-b01</m:dependency.management__org.glassfish__javax.el__version>
		<m:dependency.management__org.springframework__spring-test__version>4.0.3.RELEASE</m:dependency.management__org.springframework__spring-test__version>
		<m:dependency.management__org.springframework__spring-beans__version>4.0.3.RELEASE</m:dependency.management__org.springframework__spring-beans__version>
		<m:dependency.management__org.springframework__spring-context__version>4.0.3.RELEASE</m:dependency.management__org.springframework__spring-context__version>
		<m:dependency.management__commons-logging__commons-logging__version>1.1.3</m:dependency.management__commons-logging__commons-logging__version>
		<m:dependency.management__org.projectlombok__lombok__version>1.16.18</m:dependency.management__org.projectlombok__lombok__version>
		<m:dependency.management__org.immutables__value__version>2.5.6</m:dependency.management__org.immutables__value__version>
		<m:dependency.management__com.google.auto.value__auto-value__version>1.5</m:dependency.management__com.google.auto.value__auto-value__version>
		<m:dependency.management__org.inferred__freebuilder__version>1.14.6</m:dependency.management__org.inferred__freebuilder__version>
		<m:dependency.management__joda-time__joda-time__version>2.9</m:dependency.management__joda-time__joda-time__version>
		<m:dependency.management__org.eclipse.tycho__tycho-compiler-jdt__version>0.26.0</m:dependency.management__org.eclipse.tycho__tycho-compiler-jdt__version>
		<m:dependency.management__org.codehaus.plexus__plexus-container-default__version>1.6</m:dependency.management__org.codehaus.plexus__plexus-container-default__version>
		<m:dependency.management__org.codehaus.plexus__plexus-utils__version>3.0.20</m:dependency.management__org.codehaus.plexus__plexus-utils__version>
		<m:dependency.management__org.mapstruct__mapstruct-common__version>1.3.0.Beta1</m:dependency.management__org.mapstruct__mapstruct-common__version>
		<m:dependency.management__org.mapstruct__mapstruct__version>1.3.0.Beta1</m:dependency.management__org.mapstruct__mapstruct__version>
		<m:dependency.management__org.mapstruct__mapstruct-jdk8__version>1.3.0.Beta1</m:dependency.management__org.mapstruct__mapstruct-jdk8__version>
		<m:dependency.management__org.mapstruct__mapstruct-processor__version>1.3.0.Beta1</m:dependency.management__org.mapstruct__mapstruct-processor__version>
		<m:dependency.management__org.apache.maven.shared__maven-verifier__version>1.5</m:dependency.management__org.apache.maven.shared__maven-verifier__version>
		<m:dependency.management__org.slf4j__slf4j-api__version>1.6.1</m:dependency.management__org.slf4j__slf4j-api__version>
		<m:dependency.management__ch.qos.cal10n__cal10n-api__version>0.7.4</m:dependency.management__ch.qos.cal10n__cal10n-api__version>
		<m:maven.plugins>com.mycila.maven-license-plugin__maven-license-plugin__null|org.codehaus.mojo__animal-sniffer-maven-plugin__null|org.apache.maven.plugins__maven-enforcer-plugin__1.2|org.apache.maven.plugins__maven-javadoc-plugin__null</m:maven.plugins>
	</info>
	<configurations>
		<conf name="default" visibility="public" description="runtime dependencies and master artifact can be used with this conf" extends="runtime,master"/>
		<conf name="master" visibility="public" description="contains only the artifact published by this module itself, with no transitive dependencies"/>
		<conf name="compile" visibility="public" description="this is the default scope, used if none is specified. Compile dependencies are available in all classpaths."/>
		<conf name="provided" visibility="public" description="this is much like compile, but indicates you expect the JDK or a container to provide it. It is only available on the compilation classpath, and is not transitive."/>
		<conf name="runtime" visibility="public" description="this scope indicates that the dependency is not required for compilation, but is for execution. It is in the runtime and test classpaths, but not the compile classpath." extends="compile"/>
		<conf name="test" visibility="private" description="this scope indicates that the dependency is not required for normal use of the application, and is only available for the test compilation and execution phases." extends="runtime"/>
		<conf name="system" visibility="public" description="this scope is similar to provided except that you have to provide the JAR which contains it explicitly. The artifact is always available and is not looked up in a repository."/>
		<conf name="sources" visibility="public" description="this configuration contains the source artifact of this module, if any."/>
		<conf name="javadoc" visibility="public" description="this configuration contains the javadoc artifact of this module, if any."/>
		<conf name="optional" visibility="public" description="contains all optional dependencies"/>
	</configurations>
	<publications>
	</publications>
</ivy-module>
