<?xml version="1.0" encoding="UTF-8"?>
<ivy-module version="2.0" xmlns:m="http://ant.apache.org/ivy/maven">
	<info organisation="org.eclipse.platform"
		module="org.eclipse.core.resources"
		revision="3.13.600"
		status="release"
		publication="20191217185919"
	>
		<license name="Eclipse Public License - v 2.0" url="https://www.eclipse.org/legal/epl-2.0/" />
		<description homepage="http://www.eclipse.org/platform">
		Core Resource Management
		</description>
	</info>
	<configurations>
		<conf name="default" visibility="public" description="runtime dependencies and master artifact can be used with this conf" extends="runtime,master"/>
		<conf name="master" visibility="public" description="contains only the artifact published by this module itself, with no transitive dependencies"/>
		<conf name="compile" visibility="public" description="this is the default scope, used if none is specified. Compile dependencies are available in all classpaths."/>
		<conf name="provided" visibility="public" description="this is much like compile, but indicates you expect the JDK or a container to provide it. It is only available on the compilation classpath, and is not transitive."/>
		<conf name="runtime" visibility="public" description="this scope indicates that the dependency is not required for compilation, but is for execution. It is in the runtime and test classpaths, but not the compile classpath." extends="compile"/>
		<conf name="test" visibility="public" description="this scope indicates that the dependency is not required for normal use of the application, and is only available for the test compilation and execution phases." extends="runtime"/>
		<conf name="system" visibility="public" description="this scope is similar to provided except that you have to provide the JAR which contains it explicitly. The artifact is always available and is not looked up in a repository."/>
		<conf name="sources" visibility="public" description="this configuration contains the source artifact of this module, if any."/>
		<conf name="javadoc" visibility="public" description="this configuration contains the javadoc artifact of this module, if any."/>
		<conf name="optional" visibility="public" description="contains all optional dependencies"/>
	</configurations>
	<publications>
		<artifact name="org.eclipse.core.resources" type="jar" ext="jar" conf="master"/>
		<artifact name="org.eclipse.core.resources" type="source" ext="jar" conf="sources" m:classifier="sources"/>
		<artifact name="org.eclipse.core.resources" type="javadoc" ext="jar" conf="javadoc" m:classifier="javadoc"/>
	</publications>
	<dependencies>
		<dependency org="org.eclipse.platform" name="org.eclipse.ant.core" rev="[3.1.0,4.0.0)" force="true" conf="optional->compile(*),master(*)"/>
		<dependency org="org.eclipse.platform" name="org.eclipse.core.expressions" rev="[3.2.0,4.0.0)" force="true" conf="compile->compile(*),master(*);runtime->runtime(*)"/>
		<dependency org="org.eclipse.platform" name="org.eclipse.core.filesystem" rev="[1.3.0,2.0.0)" force="true" conf="compile->compile(*),master(*);runtime->runtime(*)"/>
		<dependency org="org.eclipse.platform" name="org.eclipse.core.runtime" rev="[3.12.0,4.0.0)" force="true" conf="compile->compile(*),master(*);runtime->runtime(*)"/>
	</dependencies>
</ivy-module>
