<?xml version="1.0" encoding="UTF-8"?>
<ivy-module version="2.0" xmlns:m="http://ant.apache.org/ivy/maven">
	<info organisation="org.apache.ant"
		module="ant"
		revision="1.10.5"
		status="release"
		publication="20180710125403"
	>
		<description homepage="http://ant.apache.org/" />
		<m:properties__project.build.sourceEncoding>UTF-8</m:properties__project.build.sourceEncoding>
		<m:maven.plugins>org.apache.maven.plugins__maven-jar-plugin__null|null__maven-antrun-plugin__null|org.apache.maven.plugins__maven-compiler-plugin__null|org.apache.maven.plugins__maven-surefire-plugin__null|org.apache.maven.plugins__maven-surefire-report-plugin__null</m:maven.plugins>
	</info>
	<configurations>
		<conf name="default" visibility="public" description="runtime dependencies and master artifact can be used with this conf" extends="runtime,master"/>
		<conf name="master" visibility="public" description="contains only the artifact published by this module itself, with no transitive dependencies"/>
		<conf name="compile" visibility="public" description="this is the default scope, used if none is specified. Compile dependencies are available in all classpaths."/>
		<conf name="provided" visibility="public" description="this is much like compile, but indicates you expect the JDK or a container to provide it. It is only available on the compilation classpath, and is not transitive."/>
		<conf name="runtime" visibility="public" description="this scope indicates that the dependency is not required for compilation, but is for execution. It is in the runtime and test classpaths, but not the compile classpath." extends="compile"/>
		<conf name="test" visibility="private" description="this scope indicates that the dependency is not required for normal use of the application, and is only available for the test compilation and execution phases." extends="runtime"/>
		<conf name="system" visibility="public" description="this scope is similar to provided except that you have to provide the JAR which contains it explicitly. The artifact is always available and is not looked up in a repository."/>
		<conf name="sources" visibility="public" description="this configuration contains the source artifact of this module, if any."/>
		<conf name="javadoc" visibility="public" description="this configuration contains the javadoc artifact of this module, if any."/>
		<conf name="optional" visibility="public" description="contains all optional dependencies"/>
	</configurations>
	<publications>
		<artifact name="ant" type="jar" ext="jar" conf="master"/>
		<artifact name="ant" type="source" ext="jar" conf="sources" m:classifier="sources"/>
		<artifact name="ant" type="javadoc" ext="jar" conf="javadoc" m:classifier="javadoc"/>
	</publications>
	<dependencies>
		<dependency org="org.apache.ant" name="ant-launcher" rev="1.10.5" force="true" conf="compile->compile(*),master(*);runtime->runtime(*)"/>
		<dependency org="junit" name="junit" rev="4.12" force="true" conf="test->runtime(*),master(*)"/>
		<dependency org="org.hamcrest" name="hamcrest-library" rev="1.3" force="true" conf="test->runtime(*),master(*)"/>
		<dependency org="org.apache.ant" name="ant-antunit" rev="1.3" force="true" conf="test->runtime(*),master(*)">
			<exclude org="org.apache.ant" module="ant" name="*" type="*" ext="*" conf="" matcher="exact"/>
			<exclude org="org.apache.ant" module="ant-launcher" name="*" type="*" ext="*" conf="" matcher="exact"/>
		</dependency>
		<dependency org="junit" name="junit" rev="4.12" force="true" conf="test->runtime(*),master(*)"/>
	</dependencies>
</ivy-module>
